t,sym,bkt,sess,side,refR,swDep,swLag,clLoc,vwapD,reg,htf,pdhD,pdlD,volZ,prevCol,prevRng,mfe,mae,tt6,tt10,tt15,st8,ft6,ft10,ft15,at8,at10,at12,cl10,clH,hor
2026-05-11T11:36:30,NQ1!,1115,NY,S,69.75,14,3,0.882,77.9,A,U,34.5,880.25,-0.22,R,46.25,15.5,1.5,1,1,9,0,,,,,,,,,10
2026-05-11T11:54:00,NQ1!,1130,NY,S,37.75,1.25,0,0.901,92.69,A,U,53,898.75,0.29,G,69.75,9.5,22.5,0,0,0,2,,,,,,,,,10
2026-05-11T12:08:00,NQ1!,1145,NY,S,59,3,4,0.886,117.55,A,U,81.75,927.5,-0.69,R,37.75,2.5,10.75,0,0,0,4,,,,,,,,,10
2026-05-11T13:10:30,NQ1!,1245,NY,S,35,1.5,0,0.85,65.27,A,U,39,884.75,0.63,R,108.5,22,3.25,1,1,1,0,,,,,,,,,10
2026-05-11T13:21:30,NQ1!,1300,NY,L,49.75,3.75,0,0.005,21.88,A,U,-3.75,842,1.38,R,35,24,5.75,1,8,9,0,,,,,,,,,10
2026-05-11T13:51:00,NQ1!,1330,NY,S,38.5,0.5,0,0.981,108.84,A,U,86.5,932.25,-0.58,G,63.75,18,3.25,6,6,7,0,,,,,,,,,10
2026-05-11T14:44:30,NQ1!,1415,NY,L,26.75,1.5,0,0.037,78.87,A,U,62.5,908.25,2.81,G,34.25,4.75,12.25,0,0,0,3,,,,,,,,,10
2026-05-11T14:50:00,NQ1!,1430,NY,L,34.75,5.25,0,0.022,66.79,A,U,51,896.75,1.7,G,26.75,12.75,2,2,4,0,0,,,,,,,,,10
2026-05-11T15:05:00,NQ1!,1445,NY,L,66,4.5,0,0.083,19.32,A,U,4.75,850.5,2.45,R,34.75,12.5,15.5,2,2,0,9,,,,,,,,,10
2026-05-11T15:32:30,NQ1!,1500,NY,L,58.5,4.75,2,0.184,13.1,A,U,0,845.75,2.46,R,66,21.75,13.75,2,0,0,4,,,,,,,,,10
2026-05-11T16:17:30,NQ1!,1545,NY,L,55.25,61.75,2,0.158,8.71,A,U,-1.5,844.25,-0.24,G,37,16.5,8.75,1,0,0,1,,,,,,,,,10
2026-05-11T16:52:30,NQ1!,1630,Other,L,15.25,0.75,0,0.115,22.75,A,U,12.75,858.5,1.25,G,28.25,3.5,10,0,0,0,7,,,,,,,,,10
2026-05-11T18:24:00,NQ1!,1800,Globex,S,32,2.25,0,0.953,6.55,A,U,-51.5,202.75,1.79,R,16.75,1,9.5,0,0,0,3,,,,,,,,,10
2026-05-11T18:35:30,NQ1!,1815,Globex,S,14,0.75,0,0.893,10.65,A,U,-43.5,210.75,2.11,G,32,2.75,7,0,0,0,0,,,,,,,,,10
2026-05-11T19:15:30,NQ1!,1845,Globex,L,16,2,0,0.031,4.27,A,U,-39.75,214.5,2.29,G,19.25,0.75,4.75,0,0,0,0,,,,,,,,,10
2026-05-11T19:29:00,NQ1!,1900,Globex,L,13.5,13.5,0,1.056,13.7,A,U,-30.25,224,0.22,R,16,3.25,3.25,0,0,0,0,,,,,,,,,10
2026-05-11T19:37:30,NQ1!,1915,Other,S,31,1,0,0.952,14.81,A,U,-28.5,225.75,0.6,R,13.5,11.5,0,5,9,0,0,,,,,,,,,10
2026-05-11T19:50:30,NQ1!,1930,Other,L,14,1,0,0.071,3.76,A,U,-39,215.25,0.52,G,31,3.25,11.75,0,0,0,2,,,,,,,,,10
2026-05-11T21:06:30,NQ1!,2045,Asia,S,18.5,1.25,1,0.716,-26.03,A,U,-94.5,159.75,-0.66,R,37.75,18.75,1.75,5,5,6,0,,,,,,,,,10
2026-05-11T21:36:30,NQ1!,2115,Asia,L,51,9.5,3,0.24,-69.79,A,U,-152.25,102,-0.16,R,26.5,1,45.5,0,0,0,1,,,,,,,,,10
2026-05-11T22:05:00,NQ1!,2145,Asia,L,47,4.25,0,0.239,-79.18,A,D,-204.5,49.75,1.99,R,103.75,25.75,1.75,1,1,1,0,,,,,,,,,10
2026-05-11T22:42:00,NQ1!,2215,Asia,L,31.25,5.75,2,0.04,-36.12,A,D,-168.25,86,0.35,G,84.25,8,4.5,1,0,0,0,,,,,,,,,10
2026-05-11T22:52:00,NQ1!,2230,Asia,S,31.25,6,2,0.992,-11.42,A,D,-144.25,110,-0.14,R,31.25,11.5,12.75,3,4,0,10,,,,,,,,,10
2026-05-11T23:11:00,NQ1!,2245,Asia,L,41.75,1.5,0,0.138,-17.9,A,D,-150.75,103.5,1.11,R,31.25,17.5,2,2,8,8,0,,,,,,,,,10
2026-05-11T23:50:00,NQ1!,2330,Other,L,11.5,1,0,0.565,-5.22,A,D,-138.5,115.75,2.45,R,17,0,17.5,0,0,0,3,,,,,,,,,10
2026-05-12T00:10:00,NQ1!,2345,Other,L,21.75,4.5,2,0.54,-14.16,A,D,-148,106.25,0.92,R,11.5,3.75,3.5,0,0,0,0,,,,,,,,,10
2026-05-12T00:21:00,NQ1!,0,Other,S,20.75,1.75,0,0.867,-12.75,A,D,-147,107.25,0.65,R,21.75,5.5,4.5,0,0,0,0,,,,,,,,,10
2026-05-12T00:46:00,NQ1!,15,Other,L,18.25,0.75,0,0.068,-24.83,A,D,-159.5,94.75,0.48,R,20.75,5.5,2.5,0,0,0,0,,,,,,,,,10
2026-05-12T01:06:00,NQ1!,45,Other,L,44.5,3.5,2,0.062,-58.45,A,D,-194.75,59.5,-0.58,R,15.5,17.75,1.75,1,7,8,0,,,,,,,,,10
2026-05-12T01:23:30,NQ1!,100,Other,L,26,5,6,0.019,-64.73,A,D,-202.5,51.75,-0.19,R,44.5,24.25,1.75,3,6,9,0,,,,,,,,,10
2026-05-12T01:42:00,NQ1!,115,Other,L,29.75,1,0,0.126,-64.93,A,D,-204.25,50,0.28,R,26,7,3.25,4,0,0,0,,,,,,,,,10
2026-05-12T02:12:30,NQ1!,145,Other,L,23,4,4,0.033,-62.61,A,D,-204,50.25,-1.21,R,27.75,5,15.25,0,0,0,2,,,,,,,,,10
2026-05-12T02:39:00,NQ1!,215,Other,L,37.5,1.75,2,0.08,-86.21,A,D,-230.75,23.5,-0.63,R,31.5,9.5,12.25,2,0,0,9,,,,,,,,,10
2026-05-12T02:56:00,NQ1!,230,Other,L,25.5,1,0,0.127,-94.76,A,D,-241.75,12.5,3.57,R,37.5,3.75,17.25,0,0,0,5,,,,,,,,,10
2026-05-12T04:21:30,NQ1!,400,London,L,63.5,7.75,3,0.138,-120.64,B,D,-289.5,-35.25,2.15,G,19.25,12.25,9.5,1,0,0,2,,,,,,,,,10
2026-05-12T04:36:00,NQ1!,415,London,S,47.75,2.5,2,0.869,-92.04,B,D,-264.5,-10.25,-1,R,63.5,9.25,8,0,0,0,4,,,,,,,,,10
2026-05-12T05:09:30,NQ1!,445,London,S,30.25,9.5,4,0.934,-89.17,B,D,-266.75,-12.5,-0.14,R,26.5,38,2.5,2,2,2,0,,,,,,,,,10
2026-05-12T06:31:30,NQ1!,600,Other,L,33,1,0,0.076,-72.96,B,D,-260.25,-6,-0.25,G,25,7.75,3.75,6,0,0,0,,,,,,,,,10
2026-05-12T06:37:30,NQ1!,615,Other,L,24.25,4.75,0,0.041,-75.39,B,D,-263,-8.75,2.94,G,33,6.75,10.25,0,0,0,5,,,,,,,,,10
2026-05-12T07:05:00,NQ1!,645,Other,S,25.75,3.25,0,0.825,-79.67,B,D,-270.75,-16.5,2.42,R,43,64.25,0,1,1,2,0,,,,,,,,,10
2026-05-12T07:36:00,NQ1!,715,Other,S,34,2,2,0.816,-117.91,B,D,-319.25,-65,-0.24,R,72,7.25,8,0,0,0,3,,,,,,,,,10
2026-05-12T08:35:00,NQ1!,815,Other,L,39.5,5.75,0,0.019,-138.75,B,D,-352.25,-98,3.82,R,47.5,58,14.75,1,1,1,1,,,,,,,,,10
2026-05-12T08:58:30,NQ1!,830,Other,S,115.75,3.5,3,0.916,-39.05,B,D,-261,-6.75,-0.72,R,39.5,5,11.75,0,0,0,2,,,,,,,,,10
2026-05-12T09:06:30,NQ1!,845,Other,S,30.5,4.75,2,0.811,-30.94,B,D,-253.5,0.75,0,G,115.75,21.5,10.5,0,0,0,2,,,,,,,,,10
2026-05-12T09:35:00,NQ1!,915,Other,S,35.75,6.5,0,-0.72,-91.75,B,D,-320.75,-66.5,4.24,R,32.25,13.5,45.5,1,1,0,1,,,,,,,,,10
2026-05-12T09:50:00,NQ1!,930,NY,S,142.75,10.25,0,0.97,39.47,A,D,-198.5,55.75,1.8,R,35.75,79.25,7.5,1,1,1,0,,,,,,,,,10
2026-05-12T10:06:00,NQ1!,945,NY,L,186.25,13.75,2,0.09,-105.69,B,D,-353.5,-99.25,0.46,G,142.75,35.75,38.25,1,1,1,1,,,,,,,,,10
2026-05-12T10:20:00,NQ1!,1000,NY,S,106.5,4.5,0,0.977,-29.09,B,D,-287.75,-33.5,-0.13,R,186.25,23.25,36,0,0,0,1,,,,,,,,,10
2026-05-12T12:01:00,NQ1!,1130,NY,L,76.25,12.5,2,0.039,-269.57,B,D,-608,-353.75,-0.01,R,113,0,61,0,0,0,1,,,,,,,,,10
2026-05-12T12:06:30,NQ1!,1145,NY,L,111.75,17.5,3,0.362,-266.04,B,D,-611,-356.75,0.33,G,76.25,27.5,8,0,0,0,1,,,,,,,,,10
2026-05-12T12:52:00,NQ1!,1230,NY,L,77,2.75,0,0.006,-337.12,B,D,-710,-455.75,-0.18,R,83.75,15.75,18.75,0,0,0,2,,,,,,,,,10
2026-05-12T13:20:00,NQ1!,1300,NY,S,94.75,1.75,0,0.995,-244.98,B,D,-636.75,-382.5,0.25,R,63.25,2.25,52.75,0,0,0,1,,,,,,,,,10
2026-05-12T14:22:30,NQ1!,1400,NY,S,38,12.75,5,0.763,-129.88,B,D,-539.75,-285.5,-0.47,G,47.25,8.75,16.5,2,0,0,4,,,,,,,,,10
2026-05-12T14:36:00,NQ1!,1415,NY,S,71,4.75,0,0.898,-72.61,B,D,-484.75,-230.5,0.73,G,38,22.75,8.75,0,0,0,4,,,,,,,,,10
2026-05-12T15:22:00,NQ1!,1500,NY,S,94.25,14,4,0.984,-14.64,B,D,-431.5,-177.25,-0.38,R,59.5,30,5,4,5,7,0,,,,,,,,,10
2026-05-12T16:10:30,NQ1!,1545,NY,L,76,2.25,0,0.007,43.54,B,D,-367.25,-113,-0.47,G,85,20.25,4.75,1,3,3,0,,,,,,,,,10
2026-05-12T16:50:30,NQ1!,1630,Other,S,27.5,0.5,0,0.955,64.23,B,D,-345.75,-91.5,-0.86,R,35.25,3.25,5.25,0,0,0,0,,,,,,,,,10
2026-05-12T18:58:00,NQ1!,1830,Globex,L,14.5,5.5,4,0.034,0,B,D,-290,423.75,-0.49,G,25,8.25,17.5,2,0,0,7,,,,,,,,,10
2026-05-12T19:03:00,NQ1!,1830,Globex,L,14.5,5.5,4,0.034,0,B,D,-290,423.75,-0.49,G,25,8.25,29.75,,,,,2,0,0,7,7,7,-17.25,-20.5,20
2026-05-12T19:08:30,NQ1!,1845,Globex,L,34.75,5.25,2,0.122,-17.29,B,D,-310.25,403.5,-1.08,R,14.5,2.25,10.25,0,0,0,2,,,,,,,,,10
2026-05-12T19:13:30,NQ1!,1845,Globex,L,34.75,5.25,2,0.122,-17.29,B,D,-310.25,403.5,-1.08,R,14.5,13.25,15.75,,,,,15,16,0,2,4,20,0.5,-6.25,20
2026-05-12T19:27:00,NQ1!,1900,Globex,L,29,3.25,2,0.129,-23.46,B,D,-322.25,391.5,-0.14,R,34.75,9,4.75,5,0,0,0,,,,,,,,,10
2026-05-12T19:32:00,NQ1!,1900,Globex,L,29,3.25,2,0.129,-23.46,B,D,-322.25,391.5,-0.14,R,34.75,9,16.25,,,,,5,0,0,16,16,17,4.5,-16,20
2026-05-12T20:05:30,NQ1!,1945,Other,L,30.75,3.5,1,0.886,-26.98,B,D,-346.5,367.25,0.38,R,52,2.75,53.75,0,0,0,2,,,,,,,,,10
2026-05-12T20:10:30,NQ1!,1945,Other,L,30.75,3.5,1,0.886,-26.98,B,D,-346.5,367.25,0.38,R,52,6.25,53.75,,,,,16,0,0,2,2,2,-6,-11.25,20
2026-05-12T21:02:00,NQ1!,2030,Asia,S,51.5,1.25,0,0.995,17.78,B,U,-310.25,403.5,0.98,G,74.75,6.5,10.25,3,0,0,7,,,,,,,,,10
2026-05-12T21:07:00,NQ1!,2030,Asia,S,51.5,1.25,0,0.995,17.78,B,U,-310.25,403.5,0.98,G,74.75,6.5,23.75,,,,,3,0,0,7,10,11,-10.25,-16.75,20
2026-05-12T21:26:30,NQ1!,2100,Asia,S,45.5,2.25,0,0.945,51.13,B,U,-270.5,443.25,3.96,G,35,13.25,11.75,0,0,0,1,,,,,,,,,10
2026-05-12T21:31:30,NQ1!,2100,Asia,S,45.5,2.25,0,0.945,51.13,B,U,-270.5,443.25,3.96,G,35,13.25,18,,,,,4,6,0,1,1,18,-0.25,-5.75,20
2026-05-12T21:37:00,NQ1!,2115,Asia,S,31.75,6.25,3,0.717,50.77,B,U,-267.75,446,0.28,G,45.5,15.5,2,1,4,6,0,,,,,,,,,10
2026-05-12T21:42:00,NQ1!,2115,Asia,S,31.75,6.25,3,0.717,50.77,B,U,-267.75,446,0.28,G,45.5,15.5,12,,,,,1,4,6,19,20,20,3.25,-10.75,20
2026-05-12T22:35:00,NQ1!,2215,Asia,S,24,0.75,0,0.979,75.85,B,U,-219,494.75,2.6,G,38.25,6.5,3.25,5,0,0,0,,,,,,,,,10
2026-05-12T22:40:00,NQ1!,2215,Asia,S,24,0.75,0,0.979,75.85,B,U,-219,494.75,2.6,G,38.25,9.75,3.25,,,,,5,0,0,0,0,0,4,9.5,20
2026-05-12T22:55:30,NQ1!,2230,Asia,L,20,9,6,0.1,59.02,B,U,-233.75,480,-0.63,G,24,3,6.5,0,0,0,0,,,,,,,,,10
2026-05-12T23:00:30,NQ1!,2230,Asia,L,20,9,6,0.1,59.02,B,U,-233.75,480,-0.63,G,24,6,6.5,,,,,17,0,0,0,0,0,-3,0.5,20
2026-05-12T23:26:30,NQ1!,2300,Asia,S,23.25,3,3,0.978,60.03,B,U,-229.75,484,-0.22,R,21,2,11.25,0,0,0,9,,,,,,,,,10
2026-05-12T23:31:30,NQ1!,2300,Asia,S,23.25,3,3,0.978,60.03,B,U,-229.75,484,-0.22,R,21,2,18,,,,,0,0,0,9,10,11,-10.75,-15.5,20
2026-05-12T23:35:30,NQ1!,2315,Other,S,33.75,1,0,0.993,72.13,B,U,-216.75,497,1.04,R,23.25,1,16,0,0,0,5,,,,,,,,,10
2026-05-13T00:09:30,NQ1!,2345,Other,S,23.25,3.75,4,0.957,87.62,A,U,-194.5,519.25,-0.85,G,28,7.25,2.5,5,0,0,0,,,,,,,,,10
2026-05-13T00:14:30,NQ1!,2345,Other,S,23.25,3.75,4,0.957,87.62,A,U,-194.5,519.25,-0.85,G,28,7.25,2.5,,,,,5,0,0,0,0,0,1.25,-1.25,20
2026-05-13T00:40:30,NQ1!,15,Other,L,20.75,1,0,0.108,83.27,A,U,-193,520.75,2.14,G,22,20,1,2,3,4,0,,,,,,,,,10
2026-05-13T00:45:30,NQ1!,15,Other,L,20.75,1,0,0.108,83.27,A,U,-193,520.75,2.14,G,22,20,1,,,,,2,3,4,0,0,0,15.25,18.25,20
2026-05-13T01:06:00,NQ1!,45,Other,L,17.25,1,0,0.087,96.12,A,U,-176.25,537.5,0.11,G,38.25,14.75,4,7,7,0,0,,,,,,,,,10
2026-05-13T01:11:00,NQ1!,45,Other,L,17.25,1,0,0.087,96.12,A,U,-176.25,537.5,0.11,G,38.25,25.25,4,,,,,7,7,14,0,0,0,12.75,21.25,20
2026-05-13T01:55:00,NQ1!,130,Other,L,16.25,0.5,0,0.092,96.99,A,U,-166.5,547.25,0.25,G,22.75,7.25,4.25,4,0,0,0,,,,,,,,,10
2026-05-13T02:00:00,NQ1!,130,Other,L,16.25,0.5,0,0.092,96.99,A,U,-166.5,547.25,0.25,G,22.75,8.5,4.25,,,,,4,0,0,0,0,0,2,2.25,20
2026-05-13T02:06:30,NQ1!,145,Other,S,12.75,0.75,0,0.961,103.83,A,U,-158.5,555.25,1.75,R,16.25,4.5,10.5,0,0,0,8,,,,,,,,,10
2026-05-13T02:11:30,NQ1!,145,Other,S,12.75,0.75,0,0.961,103.83,A,U,-158.5,555.25,1.75,R,16.25,4.5,11.5,,,,,0,0,0,8,9,0,-10.5,-9.75,20
2026-05-13T02:45:30,NQ1!,215,Other,L,40.75,2.25,0,0.037,107.39,A,U,-143,570.75,3.62,G,32.75,5.25,6.75,0,0,0,0,,,,,,,,,10
2026-05-13T02:50:30,NQ1!,215,Other,L,40.75,2.25,0,0.037,107.39,A,U,-143,570.75,3.62,G,32.75,5.25,16.25,,,,,0,0,0,19,19,20,-4,-14,20
2026-05-13T02:51:30,NQ1!,230,Other,L,18.5,3,3,0.108,104.83,A,U,-144.75,569,-0.01,R,40.75,2.5,14.5,0,0,0,7,,,,,,,,,10
2026-05-13T03:05:00,NQ1!,245,Other,S,23.25,4.25,0,0.935,103.78,A,U,-143.5,570.25,3.84,R,18.5,9.5,10.5,0,0,0,6,,,,,,,,,10
2026-05-13T03:10:00,NQ1!,245,Other,S,23.25,4.25,0,0.935,103.78,A,U,-143.5,570.25,3.84,R,18.5,18.75,10.5,,,,,10,11,20,6,6,0,9.5,16.75,20
2026-05-13T03:39:00,NQ1!,315,London,S,15.5,1,0,0.968,108.87,A,U,-133.75,580,0.36,G,33.25,1.5,9.5,0,0,0,7,,,,,,,,,10
2026-05-13T03:44:00,NQ1!,315,London,S,15.5,1,0,0.968,108.87,A,U,-133.75,580,0.36,G,33.25,1.5,41.25,,,,,0,0,0,7,11,13,-8.75,-37.25,20
2026-05-13T03:53:00,NQ1!,330,London,S,51.5,8.25,4,0.947,142.81,A,U,-95.25,618.5,-0.62,G,15.5,11,6,2,3,0,0,,,,,,,,,10
2026-05-13T03:58:00,NQ1!,330,London,S,51.5,8.25,4,0.947,142.81,A,U,-95.25,618.5,-0.62,G,15.5,11,9.75,,,,,2,3,0,18,0,0,-1.5,-3.75,20
2026-05-13T04:20:30,NQ1!,400,London,S,62.5,0.5,0,0.976,197.85,A,U,-25.25,688.5,-0.14,G,22,6.5,12.75,0,0,0,1,,,,,,,,,10
2026-05-13T04:25:30,NQ1!,400,London,S,62.5,0.5,0,0.976,197.85,A,U,-25.25,688.5,-0.14,G,22,6.5,16.5,,,,,8,0,0,1,6,6,-7.25,1,20
2026-05-13T04:52:30,NQ1!,430,London,L,25.25,0.75,0,0.01,178.82,A,U,-33.75,680,0.4,G,26,2,16.5,0,0,0,1,,,,,,,,,10
2026-05-13T04:57:30,NQ1!,430,London,L,25.25,0.75,0,0.01,178.82,A,U,-33.75,680,0.4,G,26,2,20.25,,,,,0,0,0,1,2,4,-12.25,-17.5,20
2026-05-13T05:09:30,NQ1!,445,London,L,36.5,0.75,0,0.034,155.29,A,U,-52.75,661,-0.6,R,25.25,1.25,16.25,0,0,0,4,,,,,,,,,10
2026-05-13T05:14:30,NQ1!,445,London,L,36.5,0.75,0,0.034,155.29,A,U,-52.75,661,-0.6,R,25.25,1.25,36,,,,,0,0,0,4,4,4,-10.75,-23,20
2026-05-13T06:37:00,NQ1!,615,Other,L,24,6.25,3,0.448,128.06,A,U,-63.75,650,1.07,R,33,1.75,24.5,0,0,0,2,,,,,,,,,10
2026-05-13T06:42:00,NQ1!,615,Other,L,24,6.25,3,0.448,128.06,A,U,-63.75,650,1.07,R,33,1.75,24.5,,,,,0,0,0,2,2,3,-22,-4.75,20
2026-05-13T06:50:30,NQ1!,630,Other,S,26.75,0.5,0,0.953,127.11,A,U,-62.75,651,-0.07,R,24,5.25,3.25,0,0,0,0,,,,,,,,,10
2026-05-13T06:55:30,NQ1!,630,Other,S,26.75,0.5,0,0.953,127.11,A,U,-62.75,651,-0.07,R,24,8.75,3.25,,,,,11,0,0,0,0,0,1.75,2.75,20
2026-05-13T07:07:30,NQ1!,645,Other,L,15.75,1,0,0.016,113.42,A,U,-75,638.75,2.37,G,26.75,0.5,24,0,0,0,1,,,,,,,,,10
2026-05-13T07:12:30,NQ1!,645,Other,L,15.75,1,0,0.016,113.42,A,U,-75,638.75,2.37,G,26.75,0.5,25.25,,,,,0,0,0,1,2,3,-18.25,-22.25,20
2026-05-13T07:29:30,NQ1!,700,Other,L,39,5,3,0.038,86.5,A,U,-98.75,615,0.31,R,15.75,3.75,9,0,0,0,5,,,,,,,,,10
2026-05-13T07:34:30,NQ1!,700,Other,L,39,5,3,0.038,86.5,A,U,-98.75,615,0.31,R,15.75,28,9,,,,,13,14,15,5,0,0,2.5,19.25,20
2026-05-13T07:37:00,NQ1!,715,Other,S,28.5,8.5,0,0.939,102.96,A,U,-81,632.75,3.62,R,39,6.25,7.75,8,0,0,0,,,,,,,,,10
2026-05-13T09:25:30,NQ1!,900,Other,S,58,1.5,0,0.944,15.55,A,U,-164.25,549.5,1.93,R,40.5,8.25,11.5,4,0,0,9,,,,,,,,,10
2026-05-13T09:30:30,NQ1!,900,Other,S,58,1.5,0,0.944,15.55,A,U,-164.25,549.5,1.93,R,40.5,39.75,13.25,,,,,4,17,19,9,9,12,-6.75,30.75,20
2026-05-13T10:21:00,NQ1!,1000,NY,S,81,1,0,0.88,-52.28,B,U,-272.5,441.25,-0.1,R,150.75,33.75,23.75,1,1,1,10,,,,,,,,,10
2026-05-13T10:26:00,NQ1!,1000,NY,S,81,1,0,0.88,-52.28,B,U,-272.5,441.25,-0.1,R,150.75,33.75,85.25,,,,,1,1,1,10,10,10,-19.25,-63,20
2026-05-13T10:42:00,NQ1!,1015,NY,S,119,12,5,0.92,24.24,A,U,-196.75,517,-0.84,G,81,40.25,4,1,1,2,0,,,,,,,,,10
2026-05-13T10:47:00,NQ1!,1015,NY,S,119,12,5,0.92,24.24,A,U,-196.75,517,-0.84,G,81,40.25,20,,,,,1,1,2,12,13,13,5.5,12.5,20
2026-05-13T11:31:30,NQ1!,1100,NY,L,50.75,3.75,2,0.113,60.52,A,U,-151.25,562.5,0.27,G,83.75,13.75,23,0,0,0,1,,,,,,,,,10
2026-05-13T11:36:30,NQ1!,1100,NY,L,50.75,3.75,2,0.113,60.52,A,U,-151.25,562.5,0.27,G,83.75,38.5,23,,,,,4,5,11,1,1,1,10.25,37.5,20
2026-05-13T11:41:00,NQ1!,1115,NY,S,59.75,1.75,0,0.971,93.79,A,U,-116.25,597.5,0.99,G,50.75,15,9.5,4,5,6,10,,,,,,,,,10
2026-05-13T11:47:30,NQ1!,1115,NY,S,59.75,3.5,3,0.941,91.66,A,U,-118,595.75,-1.11,G,50.75,13.25,49,,,,,2,2,0,7,7,8,-19.25,-26,20
2026-05-13T12:18:00,NQ1!,1145,NY,S,82.5,1.75,0,0.991,125.25,A,U,-77,636.75,0.57,G,102.5,3.5,16.5,0,0,0,3,,,,,,,,,10
2026-05-13T12:23:00,NQ1!,1145,NY,S,82.5,1.75,0,0.991,125.25,A,U,-77,636.75,0.57,G,102.5,4.75,28.5,,,,,0,0,0,3,4,4,-2.5,-27.75,20
2026-05-13T12:41:00,NQ1!,1215,NY,S,70.75,4.25,2,0.837,170.18,A,U,-22.5,691.25,-0.32,G,89,2,13.25,0,0,0,1,,,,,,,,,10
2026-05-13T12:46:00,NQ1!,1215,NY,S,70.75,4.25,2,0.837,170.18,A,U,-22.5,691.25,-0.32,G,89,5.5,13.25,,,,,0,0,0,1,1,1,-4.5,0.5,20
2026-05-13T13:00:00,NQ1!,1230,NY,S,35.75,0.75,0,0.972,179.95,A,U,-7.75,706,0.91,G,70.75,9.25,15.5,0,0,0,4,,,,,,,,,10
2026-05-13T13:05:00,NQ1!,1230,NY,S,35.75,0.75,0,0.972,179.95,A,U,-7.75,706,0.91,G,70.75,9.25,29,,,,,8,0,0,4,4,5,-10,-28.25,20
2026-05-13T13:21:00,NQ1!,1300,NY,S,44.75,3.5,2,0.782,206.26,A,U,27.25,741,2.59,G,48,5.75,5.75,0,0,0,0,,,,,,,,,10
2026-05-13T13:26:00,NQ1!,1300,NY,S,44.75,3.5,2,0.782,206.26,A,U,27.25,741,2.59,G,48,19.25,5.75,,,,,15,15,17,0,0,0,-1.25,-4.5,20
2026-05-13T14:03:00,NQ1!,1330,NY,L,27,0.5,0,0.046,180.76,A,U,10.5,724.25,2.01,R,32.5,3.25,24.75,0,0,0,2,,,,,,,,,10
2026-05-13T14:08:00,NQ1!,1330,NY,L,27,0.5,0,0.046,180.76,A,U,10.5,724.25,2.01,R,32.5,16.25,24.75,,,,,12,13,16,2,2,2,-2,13,20
2026-05-13T14:14:00,NQ1!,1345,NY,L,46.25,1,0,0.973,198.82,A,U,31.75,745.5,-0.16,R,27,33.25,1,2,3,7,0,,,,,,,,,10
2026-05-13T14:19:00,NQ1!,1345,NY,L,46.25,1,0,0.973,198.82,A,U,31.75,745.5,-0.16,R,27,62,1,,,,,2,3,7,0,0,0,32.75,49.75,20
2026-05-13T14:42:30,NQ1!,1415,NY,L,43.5,3.75,0,0.086,223.23,A,U,70,783.75,2.96,G,82,9.75,15.25,0,0,0,1,,,,,,,,,10
2026-05-13T14:47:30,NQ1!,1415,NY,L,43.5,3.75,0,0.086,223.23,A,U,70,783.75,2.96,G,82,9.75,22.25,,,,,5,0,0,1,1,1,-1.25,-20.5,20
2026-05-13T14:53:30,NQ1!,1430,NY,L,45.25,7,4,0.094,209.2,A,U,59,772.75,0,G,43.5,6.5,15.75,1,0,0,3,,,,,,,,,10
2026-05-13T14:58:30,NQ1!,1430,NY,L,45.25,7,4,0.094,209.2,A,U,59,772.75,0,G,43.5,6.5,33.25,,,,,1,0,0,3,5,5,-8,-30.75,20
2026-05-13T15:52:00,NQ1!,1530,NY,S,25.75,0.75,0,0.932,214.64,A,U,78.25,792,0,G,40.5,73.75,5.5,4,6,6,0,,,,,,,,,10
2026-05-13T15:57:00,NQ1!,1530,NY,S,25.75,0.75,0,0.932,214.64,A,U,78.25,792,0,G,40.5,84.5,5.5,,,,,4,6,6,0,0,0,62,56.5,20
2026-05-13T16:09:00,NQ1!,1545,NY,L,90,0.75,0,0.039,125.27,A,U,-2.75,711,-0.44,G,25.75,56.25,3.5,1,2,2,0,,,,,,,,,10
2026-05-13T16:14:00,NQ1!,1545,NY,L,90,0.75,0,0.039,125.27,A,U,-2.75,711,-0.44,G,25.75,64.75,3.5,,,,,1,2,2,0,0,0,53.5,64,20
2026-05-13T16:21:00,NQ1!,1600,Other,S,70.25,2,0,0.968,187.2,A,U,61,774.75,-0.12,R,90,8.25,6.5,4,0,0,0,,,,,,,,,10
2026-05-13T16:26:00,NQ1!,1600,Other,S,70.25,2,0,0.968,187.2,A,U,61,774.75,-0.12,R,90,8.25,7,,,,,4,0,0,0,0,0,-2.5,4.25,20
2026-05-13T18:05:00,NQ1!,1645,Other,L,9,3.75,0,0.222,-2.08,A,U,-31.75,478.25,4.05,G,29,25.25,4.75,5,5,6,0,,,,,,,,,10
2026-05-13T18:10:00,NQ1!,1645,Other,L,9,3.75,0,0.222,-2.08,A,U,-31.75,478.25,4.05,G,29,28,4.75,,,,,5,5,6,0,0,0,21,18.75,20
2026-05-13T20:00:00,NQ1!,1930,Other,S,32,3.5,2,0.938,29.7,A,U,61.25,571.25,0.7,R,29.25,8.5,7.25,10,0,0,0,,,,,,,,,10
2026-05-13T20:05:00,NQ1!,1930,Other,S,32,3.5,2,0.938,29.7,A,U,61.25,571.25,0.7,R,29.25,36.25,7.25,,,,,10,11,12,0,0,0,7.5,20.5,20
2026-05-13T20:05:30,NQ1!,1945,Other,S,30,0.5,1,0.533,21.28,A,U,54,564,0.69,R,32,29,0.5,1,2,2,0,,,,,,,,,10
2026-05-13T20:53:30,NQ1!,2030,Asia,S,31.5,8,6,0.913,61.52,A,U,113,623,0.31,G,31.75,19.5,5,9,10,10,0,,,,,,,,,10
2026-05-13T20:58:30,NQ1!,2030,Asia,S,31.5,8,6,0.913,61.52,A,U,113,623,0.31,G,31.75,19.5,11.75,,,,,9,10,10,14,20,0,7,-10,20
2026-05-13T21:22:30,NQ1!,2100,Asia,L,18,4.5,0,0.028,38.58,A,U,97.75,607.75,1.46,G,34,14,26,0,0,0,3,,,,,,,,,10
2026-05-13T21:27:30,NQ1!,2100,Asia,L,18,4.5,0,0.028,38.58,A,U,97.75,607.75,1.46,G,34,17.5,26,,,,,7,7,19,3,3,3,2,14.75,20
2026-05-13T21:35:00,NQ1!,2115,Asia,S,44.25,0.5,0,0.972,52.78,A,U,114.75,624.75,-0.43,R,18,24.75,2.5,3,5,6,0,,,,,,,,,10
2026-05-13T21:40:00,NQ1!,2115,Asia,S,44.25,0.5,0,0.972,52.78,A,U,114.75,624.75,-0.43,R,18,29.25,2.5,,,,,3,5,6,0,0,0,23.5,19.5,20
2026-05-13T22:05:00,NQ1!,2145,Asia,L,40.5,3,0,0.185,-17.6,A,U,45,555,0.45,R,51.75,15.75,7.5,4,5,6,0,,,,,,,,,10
2026-05-13T22:10:00,NQ1!,2145,Asia,L,40.5,3,0,0.185,-17.6,A,U,45,555,0.45,R,51.75,15.75,7.5,,,,,4,5,6,0,0,0,9.75,1.5,20
2026-05-13T22:21:00,NQ1!,2200,Asia,S,26.25,1.5,0,0.838,-5.67,A,U,56.5,566.5,3.16,R,40.5,13.5,1,1,5,0,0,,,,,,,,,10
2026-05-13T22:26:00,NQ1!,2200,Asia,S,26.25,1.5,0,0.838,-5.67,A,U,56.5,566.5,3.16,R,40.5,13.5,8.5,,,,,1,5,0,13,0,0,4.25,-4.5,20
2026-05-13T22:40:00,NQ1!,2215,Asia,S,24.5,1.25,2,0.878,2.43,A,U,64.5,574.5,-0.79,G,26.25,6,5,9,0,0,0,,,,,,,,,10
2026-05-13T22:45:00,NQ1!,2215,Asia,S,24.5,1.25,2,0.878,2.43,A,U,64.5,574.5,-0.79,G,26.25,16.25,5,,,,,9,12,17,0,0,0,2.25,8.75,20
2026-05-13T23:23:00,NQ1!,2300,Asia,S,31,2.5,0,0.952,-18.03,A,U,41.25,551.25,3.61,R,53.25,40,0,1,2,3,0,,,,,,,,,10
2026-05-13T23:28:00,NQ1!,2300,Asia,S,31,2.5,0,0.952,-18.03,A,U,41.25,551.25,3.61,R,53.25,43.25,0,,,,,1,2,3,0,0,0,39,20.5,20
2026-05-14T00:23:00,NQ1!,0,Other,S,39.25,2.5,0,0.987,-61.44,A,U,-12.75,497.25,0.13,R,34,1.25,10,0,0,0,8,,,,,,,,,10
2026-05-14T00:28:00,NQ1!,0,Other,S,39.25,2.5,0,0.987,-61.44,A,U,-12.75,497.25,0.13,R,34,1.25,20.5,,,,,0,0,0,8,8,14,-7.25,-13.75,20
2026-05-14T00:36:30,NQ1!,15,Other,S,33.5,1,2,0.91,-42.8,A,U,4.75,514.75,-0.72,G,39.25,1.5,9,0,0,0,7,,,,,,,,,10
2026-05-14T00:41:30,NQ1!,15,Other,S,33.5,1,2,0.91,-42.8,A,U,4.75,514.75,-0.72,G,39.25,1.5,20,,,,,0,0,0,7,14,15,1,-18.75,20
2026-05-14T00:55:30,NQ1!,30,Other,S,25.75,8.25,5,0.67,-30.1,A,U,16.5,526.5,0.07,G,33.5,15,0.25,1,1,3,0,,,,,,,,,10
2026-05-14T01:00:30,NQ1!,30,Other,S,25.75,8.25,5,0.67,-30.1,A,U,16.5,526.5,0.07,G,33.5,22.5,0.25,,,,,1,1,3,0,0,0,7,16,20
2026-05-14T01:07:00,NQ1!,45,Other,L,34,5.25,4,0.081,-43.91,A,U,2,512,0.71,G,25.75,16,0.25,1,4,10,0,,,,,,,,,10
2026-05-14T01:12:00,NQ1!,45,Other,L,34,5.25,4,0.081,-43.91,A,U,2,512,0.71,G,25.75,16,8,,,,,1,4,10,14,0,0,16,3.5,20
2026-05-14T01:36:30,NQ1!,115,Other,S,33.75,4.75,3,0.844,-45.37,A,U,-1.75,508.25,-0.65,R,31.75,5.75,11.75,0,0,0,2,,,,,,,,,10
2026-05-14T01:41:30,NQ1!,115,Other,S,33.75,4.75,3,0.844,-45.37,A,U,-1.75,508.25,-0.65,R,31.75,6.5,11.75,,,,,11,0,0,2,3,0,1.5,1.5,20
2026-05-14T02:07:30,NQ1!,145,Other,S,53,8.5,5,0.986,4.62,A,U,46.75,556.75,-0.46,R,29.25,3.5,22.5,0,0,0,3,,,,,,,,,10
2026-05-14T02:12:30,NQ1!,145,Other,S,53,8.5,5,0.986,4.62,A,U,46.75,556.75,-0.46,R,29.25,5.25,22.5,,,,,0,0,0,3,3,5,-20.5,-0.75,20
2026-05-14T02:28:00,NQ1!,200,Other,S,32,6,0,0.891,23,A,U,65.75,575.75,4.29,G,53,15.25,0.25,4,5,5,0,,,,,,,,,10
2026-05-14T02:33:00,NQ1!,200,Other,S,32,6,0,0.891,23,A,U,65.75,575.75,4.29,G,53,15.25,1.5,,,,,4,5,5,0,0,0,4,7.75,20
2026-05-14T02:54:00,NQ1!,230,Other,L,17.5,0.5,2,0.086,12.8,A,U,56.25,566.25,-0.92,R,26.75,8,18.5,0,0,0,1,,,,,,,,,10
2026-05-14T02:59:00,NQ1!,230,Other,L,17.5,0.5,2,0.086,12.8,A,U,56.25,566.25,-0.92,R,26.75,11.75,18.5,,,,,9,11,0,1,1,1,7,-10.75,20
2026-05-14T03:05:00,NQ1!,245,Other,L,30.25,6.5,0,0.314,3.66,A,U,47.25,557.25,3.96,G,17.5,7.25,12.75,4,0,0,9,,,,,,,,,10
2026-05-14T03:10:00,NQ1!,245,Other,L,30.25,6.5,0,0.314,3.66,A,U,47.25,557.25,3.96,G,17.5,7.25,29,,,,,4,0,0,9,10,10,-12.25,-23.5,20
2026-05-14T04:52:30,NQ1!,430,London,L,62,5.5,4,0.125,-46.96,A,U,-5.75,504.25,-0.3,R,46,12.25,11.75,0,0,0,3,,,,,,,,,10
2026-05-14T04:57:30,NQ1!,430,London,L,62,5.5,4,0.125,-46.96,A,U,-5.75,504.25,-0.3,R,46,20.75,11.75,,,,,8,8,13,3,5,0,6.5,18.75,20
2026-05-14T05:15:00,NQ1!,445,London,L,34,3,0,0.029,-57.85,A,U,-18,492,4.34,R,62,17.5,0,1,1,1,0,,,,,,,,,10
2026-05-14T05:20:00,NQ1!,445,London,L,34,3,0,0.029,-57.85,A,U,-18,492,4.34,R,62,19,0,,,,,1,1,1,0,0,0,12.5,14.25,20
2026-05-14T05:35:00,NQ1!,515,Other,L,39.75,3,0,0.088,-73.44,A,U,-35.25,474.75,2.8,R,46,15.25,0,1,2,3,0,,,,,,,,,10
2026-05-14T05:40:00,NQ1!,515,Other,L,39.75,3,0,0.088,-73.44,A,U,-35.25,474.75,2.8,R,46,15.25,49.75,,,,,1,2,3,11,11,12,8.25,-32.25,20
2026-05-14T06:37:30,NQ1!,615,Other,L,45.25,0.5,0,0.066,-59.73,A,U,-28.25,481.75,0.06,G,63.25,6.75,2.25,3,0,0,0,,,,,,,,,10
2026-05-14T06:42:30,NQ1!,615,Other,L,45.25,0.5,0,0.066,-59.73,A,U,-28.25,481.75,0.06,G,63.25,6.75,15.75,,,,,3,0,0,15,15,16,2,-11.5,20
2026-05-14T06:58:30,NQ1!,630,Other,S,40.5,2,0,0.877,-45.62,A,U,-15.5,494.5,4.3,R,45.25,7.25,17,0,0,0,1,,,,,,,,,10
2026-05-14T07:03:30,NQ1!,630,Other,S,40.5,2,0,0.877,-45.62,A,U,-15.5,494.5,4.3,R,45.25,8,17,,,,,10,0,0,1,1,1,6.25,-5.5,20
2026-05-14T07:14:00,NQ1!,645,Other,S,49,0.5,0,0.99,-28.28,A,U,1,511,-0.51,R,40.5,3.5,10.75,0,0,0,1,,,,,,,,,10
2026-05-14T07:19:00,NQ1!,645,Other,S,49,0.5,0,0.99,-28.28,A,U,1,511,-0.51,R,40.5,6.25,10.75,,,,,12,0,0,1,2,0,2.25,1.5,20
2026-05-14T08:06:30,NQ1!,745,Other,L,28.25,1.75,0,0.487,-41.47,A,U,-15,495,2.04,G,27.25,10.5,4,4,10,0,0,,,,,,,,,10
2026-05-14T08:11:30,NQ1!,745,Other,L,28.25,1.75,0,0.487,-41.47,A,U,-15,495,2.04,G,27.25,14.5,4,,,,,4,10,0,0,0,0,9.5,12.75,20
2026-05-14T08:22:00,NQ1!,800,Other,S,30.25,6.25,3,0.975,-27.01,A,U,-1,509,-0.12,R,28.25,15,2.75,2,3,4,0,,,,,,,,,10
2026-05-14T08:27:00,NQ1!,800,Other,S,30.25,6.25,3,0.975,-27.01,A,U,-1,509,-0.12,R,28.25,15,10.5,,,,,2,3,4,11,16,0,-1.5,-1.25,20
2026-05-14T08:40:30,NQ1!,815,Other,L,25.5,10.75,6,0.01,-40.84,A,U,-15.75,494.25,-1.01,G,30.25,0,27.75,0,0,0,1,,,,,,,,,10
2026-05-14T08:45:30,NQ1!,815,Other,L,25.5,10.75,6,0.01,-40.84,A,U,-15.75,494.25,-1.01,G,30.25,0,43.5,,,,,0,0,0,1,2,2,-8.5,-34,20
2026-05-14T08:52:30,NQ1!,830,Other,L,44,14.5,5,0.159,-61.4,A,D,-37.75,472.25,0.43,G,25.5,2,24.5,0,0,0,2,,,,,,,,,10
2026-05-14T08:57:30,NQ1!,830,Other,L,44,14.5,5,0.159,-61.4,A,D,-37.75,472.25,0.43,G,25.5,2,51.25,,,,,0,0,0,2,3,8,-23.25,-25.25,20
2026-05-14T09:05:30,NQ1!,845,Other,L,53.25,0.75,0,0.056,-106.19,A,D,-86,424,0.86,R,44,21.25,2.25,1,3,4,0,,,,,,,,,10
2026-05-14T09:10:30,NQ1!,845,Other,L,53.25,0.75,0,0.056,-106.19,A,D,-86,424,0.86,R,44,21.25,24,,,,,1,3,4,12,14,14,4.75,-17,20
2026-05-14T09:36:00,NQ1!,915,Other,S,44.25,7.25,0,0.91,-77.22,A,D,-72.75,437.25,1.59,R,52.5,7.25,79.75,1,0,0,2,,,,,,,,,10
2026-05-14T09:41:00,NQ1!,915,Other,S,44.25,7.25,0,0.91,-77.22,A,D,-72.75,437.25,1.59,R,52.5,7.25,107,,,,,1,0,0,2,2,2,-68.25,-106.25,20
2026-05-14T11:43:30,NQ1!,1115,NY,L,42,0.5,0,0.071,123.28,A,U,169.25,679.25,1.96,G,69.5,21,7,1,2,7,0,,,,,,,,,10
2026-05-14T11:48:30,NQ1!,1115,NY,L,42,0.5,0,0.071,123.28,A,U,169.25,679.25,1.96,G,69.5,21,7,,,,,1,2,7,0,0,0,13.5,5.75,20
2026-05-14T12:11:30,NQ1!,1145,NY,S,36.75,9.5,5,0.898,146.75,A,U,200.5,710.5,-0.87,R,42.25,4.25,15.75,0,0,0,7,,,,,,,,,10
2026-05-14T12:16:30,NQ1!,1145,NY,S,36.75,9.5,5,0.898,146.75,A,U,200.5,710.5,-0.87,R,42.25,13.5,16,,,,,16,16,0,7,8,8,-10,-6.75,20
2026-05-14T12:25:30,NQ1!,1200,NY,L,29.5,5,2,0.331,139.07,A,U,196.75,706.75,-0.89,G,36.75,19.75,10.75,1,1,2,9,,,,,,,,,10
2026-05-14T12:30:30,NQ1!,1200,NY,L,29.5,5,2,0.331,139.07,A,U,196.75,706.75,-0.89,G,36.75,19.75,47.75,,,,,1,1,2,9,9,11,-4.25,-24,20
2026-05-14T12:50:30,NQ1!,1230,NY,L,46,5,0,0.391,85.22,A,U,149.75,659.75,4.03,R,67.5,23.75,13,0,0,0,1,,,,,,,,,10
2026-05-14T12:55:30,NQ1!,1230,NY,L,46,5,0,0.391,85.22,A,U,149.75,659.75,4.03,R,67.5,23.75,13,,,,,2,3,3,1,1,1,2.5,11.75,20
2026-05-14T13:14:00,NQ1!,1245,NY,L,46.75,0.5,0,0.064,61.02,A,U,129.75,639.75,0.02,R,46,11.25,25.25,0,0,0,1,,,,,,,,,10
2026-05-14T13:19:00,NQ1!,1245,NY,L,46.75,0.5,0,0.064,61.02,A,U,129.75,639.75,0.02,R,46,11.25,88.75,,,,,3,4,0,1,2,2,-15.75,-78.5,20
2026-05-14T13:20:00,NQ1!,1300,NY,L,102.5,0.75,0,0.024,19.44,A,U,89,599,1.68,G,46.75,3.5,48,0,0,0,1,,,,,,,,,10
2026-05-14T13:37:00,NQ1!,1315,NY,S,74.75,4.25,2,0.94,30.56,A,U,100,610,-0.9,R,102.5,19.75,8,1,2,3,10,,,,,,,,,10
2026-05-14T13:42:00,NQ1!,1315,NY,S,74.75,4.25,2,0.94,30.56,A,U,100,610,-0.9,R,102.5,19.75,37,,,,,1,2,3,10,11,12,-5.5,-30.5,20
2026-05-14T14:46:00,NQ1!,1415,NY,L,47.75,5.25,0,0.225,29.7,A,U,105.5,615.5,1.56,R,90.25,11.25,14.75,2,4,0,9,,,,,,,,,10
2026-05-14T14:51:00,NQ1!,1415,NY,L,47.75,5.25,0,0.225,29.7,A,U,105.5,615.5,1.56,R,90.25,30.75,14.75,,,,,2,4,14,9,9,9,-5.5,30.5,20
2026-05-14T14:58:30,NQ1!,1430,NY,S,43,3.75,5,0.953,54.1,A,U,130.5,640.5,-0.57,R,47.75,1.25,21.75,0,0,0,3,,,,,,,,,10
2026-05-14T15:03:30,NQ1!,1430,NY,S,43,3.75,5,0.953,54.1,A,U,130.5,640.5,-0.57,R,47.75,1.25,36,,,,,0,0,0,3,3,4,-13.5,-20.5,20
2026-05-14T15:27:30,NQ1!,1500,NY,S,39.5,3,0,0.994,87.3,A,U,166.25,676.25,1.71,G,61.5,23,2,1,2,3,0,,,,,,,,,10
2026-05-14T15:32:30,NQ1!,1500,NY,S,39.5,3,0,0.994,87.3,A,U,166.25,676.25,1.71,G,61.5,36.5,2,,,,,1,2,3,0,0,0,19.5,14.75,20
2026-05-14T15:56:00,NQ1!,1530,NY,L,38.5,4.25,0,0.091,52.82,A,U,134.5,644.5,1.25,R,39.75,13,13,0,0,0,1,,,,,,,,,10
2026-05-14T16:01:00,NQ1!,1530,NY,L,38.5,4.25,0,0.091,52.82,A,U,134.5,644.5,1.25,R,39.75,23.25,21.5,,,,,4,5,20,1,1,8,-7.75,20.5,20
2026-05-14T16:10:30,NQ1!,1545,NY,S,52.75,6.5,3,0.796,71.33,A,U,155,665,-0.68,G,38.5,16.25,4.25,5,7,8,0,,,,,,,,,10
2026-05-14T16:15:30,NQ1!,1545,NY,S,52.75,6.5,3,0.796,71.33,A,U,155,665,-0.68,G,38.5,20.75,4.25,,,,,5,7,8,0,0,0,2,19.25,20
2026-05-14T16:21:30,NQ1!,1600,Other,L,52.5,8.5,0,0.062,38.96,A,U,123,633,3.78,R,52.75,14.75,1.75,2,2,0,0,,,,,,,,,10
2026-05-14T16:26:30,NQ1!,1600,Other,L,52.5,8.5,0,0.062,38.96,A,U,123,633,3.78,R,52.75,14.75,14.25,,,,,2,2,0,12,13,13,5.75,-4.25,20
2026-05-14T18:24:00,NQ1!,1800,Globex,L,43.75,4.25,2,0.211,-12.24,A,U,-98.5,235.25,-0.13,G,31,4.75,5,0,0,0,0,,,,,,,,,10
2026-05-14T18:29:00,NQ1!,1800,Globex,L,43.75,4.25,2,0.211,-12.24,A,U,-98.5,235.25,-0.13,G,31,15.25,5,,,,,13,20,20,0,0,0,-2,13.5,20
2026-05-14T19:21:30,NQ1!,1900,Globex,S,13.25,1,0,0.849,16.23,A,U,-65,268.75,2.58,G,15.75,3,1.5,0,0,0,0,,,,,,,,,10
2026-05-14T19:26:30,NQ1!,1900,Globex,S,13.25,1,0,0.849,16.23,A,U,-65,268.75,2.58,G,15.75,11.25,1.5,,,,,11,17,0,0,0,0,-0.25,7,20
2026-05-14T19:35:00,NQ1!,1915,Other,S,20.5,2.25,0,0.976,22.96,A,U,-56.25,277.5,2.01,G,13.25,2,5.5,0,0,0,0,,,,,,,,,10
2026-05-14T19:40:00,NQ1!,1915,Other,S,20.5,2.25,0,0.976,22.96,A,U,-56.25,277.5,2.01,G,13.25,2.75,8.25,,,,,0,0,0,17,0,0,-2,-1,20
2026-05-14T20:06:00,NQ1!,1945,Other,L,44,2,0,0.011,-28.11,A,U,-106.75,227,1.28,R,18.25,20.75,19.5,0,0,0,1,,,,,,,,,10
2026-05-14T20:11:00,NQ1!,1945,Other,L,44,2,0,0.011,-28.11,A,U,-106.75,227,1.28,R,18.25,21.5,19.5,,,,,2,2,2,1,1,1,4.75,15.25,20
2026-05-14T21:05:00,NQ1!,2045,Asia,S,33,3.5,0,0.924,-9.8,A,U,-96.5,237.25,1.26,R,85.25,22.5,5.25,6,8,8,0,,,,,,,,,10
2026-05-14T21:10:00,NQ1!,2045,Asia,S,33,3.5,0,0.924,-9.8,A,U,-96.5,237.25,1.26,R,85.25,36.25,5.25,,,,,6,8,8,0,0,0,19.5,34.25,20
2026-05-14T21:24:30,NQ1!,2100,Asia,L,49.5,3.25,0,0.056,-46.48,A,U,-137.25,196.5,1.87,G,33,1,27.75,0,0,0,3,,,,,,,,,10
2026-05-14T21:29:30,NQ1!,2100,Asia,L,49.5,3.25,0,0.056,-46.48,A,U,-137.25,196.5,1.87,G,33,1,63.25,,,,,0,0,0,3,3,3,-24.75,-62.5,20
2026-05-14T21:52:30,NQ1!,2130,Asia,L,58.5,7.25,0,0.077,-114.78,A,U,-231.5,102.25,1.98,R,80.25,5.5,30.5,0,0,0,1,,,,,,,,,10
2026-05-14T21:57:30,NQ1!,2130,Asia,L,58.5,7.25,0,0.077,-114.78,A,U,-231.5,102.25,1.98,R,80.25,5.5,37.75,,,,,0,0,0,1,3,4,-29.5,-12.75,20
2026-05-14T22:05:00,NQ1!,2145,Asia,L,71.5,2.5,0,0.143,-129.29,A,U,-259,74.75,1.81,G,58.5,17,5,1,1,2,0,,,,,,,,,10
2026-05-14T22:10:00,NQ1!,2145,Asia,L,71.5,2.5,0,0.143,-129.29,A,U,-259,74.75,1.81,G,58.5,17,25,,,,,1,1,2,12,12,12,5,-7.5,20
2026-05-14T22:20:00,NQ1!,2200,Asia,L,42,1,0,0.018,-140.82,A,D,-283.25,50.5,0.26,R,71.5,31,5,1,1,1,0,,,,,,,,,10
2026-05-14T22:25:00,NQ1!,2200,Asia,L,42,1,0,0.018,-140.82,A,D,-283.25,50.5,0.26,R,71.5,43.75,5,,,,,1,1,1,0,0,0,31,40.25,20
2026-05-14T22:49:00,NQ1!,2215,Asia,S,62,0.75,0,0.952,-72.77,A,D,-229.25,104.5,1.18,R,42,5.25,14.25,0,0,0,3,,,,,,,,,10
2026-05-14T22:54:00,NQ1!,2215,Asia,S,62,0.75,0,0.952,-72.77,A,D,-229.25,104.5,1.18,R,42,5.25,47.5,,,,,0,0,0,3,3,4,-0.5,-35.25,20
2026-05-14T23:36:00,NQ1!,2315,Other,L,23.25,3,0,0.108,-52.96,A,D,-215.75,118,2.67,G,30,2.75,35,0,0,0,4,,,,,,,,,10
2026-05-14T23:41:00,NQ1!,2315,Other,L,23.25,3,0,0.108,-52.96,A,D,-215.75,118,2.67,G,30,8.75,35,,,,,15,0,0,4,4,4,-29.75,7,20
2026-05-15T00:09:00,NQ1!,2345,Other,L,22.75,7.75,4,0.121,-59.74,A,D,-227.25,106.5,-0.44,R,54.25,8.75,10.75,2,0,0,9,,,,,,,,,10
2026-05-15T00:14:00,NQ1!,2345,Other,L,22.75,7.75,4,0.121,-59.74,A,D,-227.25,106.5,-0.44,R,54.25,8.75,31,,,,,2,0,0,9,10,11,-10.5,-13.5,20
2026-05-15T00:28:30,NQ1!,0,Other,L,39.75,8.25,4,0.164,-81.29,A,D,-251.75,82,0.23,R,22.75,6.75,14.75,3,0,0,6,,,,,,,,,10
2026-05-15T00:33:30,NQ1!,0,Other,L,39.75,8.25,4,0.164,-81.29,A,D,-251.75,82,0.23,R,22.75,6.75,29.75,,,,,3,0,0,6,7,7,-5.75,-29.75,20
2026-05-15T01:06:30,NQ1!,45,Other,L,71,1,2,0.169,-140.08,B,D,-324.25,9.5,-0.5,R,36.75,2.5,17.5,0,0,0,1,,,,,,,,,10
2026-05-15T01:11:30,NQ1!,45,Other,L,71,1,2,0.169,-140.08,B,D,-324.25,9.5,-0.5,R,36.75,2.5,49.25,,,,,0,0,0,1,1,3,-9,-34,20
2026-05-15T02:07:30,NQ1!,145,Other,L,79.75,32.5,5,0.204,-249.25,B,D,-485.25,-151.5,0.2,R,88.25,29.5,9.5,0,0,0,1,,,,,,,,,10
2026-05-15T02:12:30,NQ1!,145,Other,L,79.75,32.5,5,0.204,-249.25,B,D,-485.25,-151.5,0.2,R,88.25,53,9.5,,,,,3,4,4,1,0,0,27.75,25.5,20
2026-05-15T02:22:30,NQ1!,200,Other,S,101.75,5.5,3,0.835,-198.87,B,D,-449,-115.25,0.61,R,79.75,58,2.5,1,4,4,0,,,,,,,,,10
2026-05-15T02:27:30,NQ1!,200,Other,S,101.75,5.5,3,0.835,-198.87,B,D,-449,-115.25,0.61,R,79.75,69.25,2.5,,,,,1,4,4,0,0,0,27.5,38,20
2026-05-15T02:40:30,NQ1!,215,Other,S,91.5,8.75,3,0.943,-163.77,B,D,-432,-98.25,-1.02,G,101.75,3.5,39,0,0,0,2,,,,,,,,,10
2026-05-15T02:45:30,NQ1!,215,Other,S,91.5,8.75,3,0.943,-163.77,B,D,-432,-98.25,-1.02,G,101.75,3.5,64.5,,,,,0,0,0,2,2,2,-34.75,-60,20
2026-05-15T02:51:30,NQ1!,230,Other,S,106.5,9.75,3,0.993,-105.55,B,D,-378,-44.25,-0.07,R,91.5,18,8,1,3,0,6,,,,,,,,,10
2026-05-15T02:56:30,NQ1!,230,Other,S,106.5,9.75,3,0.993,-105.55,B,D,-378,-44.25,-0.07,R,91.5,24.5,8,,,,,1,3,9,6,0,0,12.75,3,20
2026-05-15T03:06:00,NQ1!,245,Other,S,35,7,0,0.986,-92.73,B,D,-368,-34.25,2.46,G,106.5,15,13.5,1,6,6,9,,,,,,,,,10
2026-05-15T03:11:00,NQ1!,245,Other,S,35,7,0,0.986,-92.73,B,D,-368,-34.25,2.46,G,106.5,15,17.25,,,,,1,6,6,9,9,9,-10.5,-12.75,20
2026-05-15T03:20:00,NQ1!,300,London,S,67.25,3.75,0,0.959,-44.52,B,D,-322.75,11,0.67,G,35,19.75,8.75,1,4,6,10,,,,,,,,,10
2026-05-15T03:25:00,NQ1!,300,London,S,67.25,3.75,0,0.959,-44.52,B,D,-322.75,11,0.67,G,35,23.5,10,,,,,1,4,6,10,13,0,-4.25,22.25,20
2026-05-15T04:05:00,NQ1!,345,London,S,30.5,6,0,0.549,-103.19,B,D,-388.75,-55,3.89,R,75.5,57.25,0,1,1,1,0,,,,,,,,,10
2026-05-15T04:10:00,NQ1!,345,London,S,30.5,6,0,0.549,-103.19,B,D,-388.75,-55,3.89,R,75.5,62.5,0,,,,,1,1,1,0,0,0,55.75,44.25,20
2026-05-15T05:08:00,NQ1!,445,London,L,48.5,4.75,2,0.031,-205.37,B,D,-528,-194.25,0.34,G,114,35.25,5.5,1,2,2,0,,,,,,,,,10
2026-05-15T05:13:00,NQ1!,445,London,L,48.5,4.75,2,0.031,-205.37,B,D,-528,-194.25,0.34,G,114,35.25,14,,,,,1,2,2,18,18,19,-0.25,-11,20
2026-05-15T05:20:30,NQ1!,500,London,L,54.75,4.5,0,0.018,-219.58,B,D,-546.5,-212.75,1.74,R,48.5,6.25,35.5,1,0,0,1,,,,,,,,,10
2026-05-15T05:25:30,NQ1!,500,London,L,54.75,4.5,0,0.018,-219.58,B,D,-546.5,-212.75,1.74,R,48.5,6.25,45.5,,,,,1,0,0,1,1,2,-31.75,-27.75,20
2026-05-15T05:35:00,NQ1!,515,Other,S,65.25,1.25,0,0.908,-198.22,B,D,-532.75,-199,2.63,R,54.75,25.75,13.5,1,1,3,7,,,,,,,,,10
2026-05-15T05:40:00,NQ1!,515,Other,S,65.25,1.25,0,0.908,-198.22,B,D,-532.75,-199,2.63,R,54.75,35.5,13.5,,,,,1,1,3,7,7,7,2.75,16.25,20
2026-05-15T05:50:30,NQ1!,530,Other,L,61,2.25,0,0.004,-239.63,B,D,-580,-246.25,1.32,G,65.25,8,18.5,0,0,0,1,,,,,,,,,10
2026-05-15T05:55:30,NQ1!,530,Other,L,61,2.25,0,0.004,-239.63,B,D,-580,-246.25,1.32,G,65.25,40,25,,,,,7,18,18,1,1,3,-10.25,37.5,20
2026-05-15T06:13:30,NQ1!,545,Other,S,78.5,14,3,0.997,-174.91,B,D,-526.75,-193,1.06,R,61,17.75,22.25,1,1,1,4,,,,,,,,,10
2026-05-15T06:18:30,NQ1!,545,Other,S,78.5,14,3,0.997,-174.91,B,D,-526.75,-193,1.06,R,61,17.75,37.25,,,,,1,1,1,4,4,5,-18.25,-17.25,20
2026-05-15T06:21:00,NQ1!,600,Other,S,83,2,0,0.895,-153.3,B,D,-507.75,-174,0.42,G,78.5,11,18.25,0,0,0,1,,,,,,,,,10
2026-05-15T06:29:00,NQ1!,600,Other,S,83,9.5,6,0.907,-151.74,B,D,-506.75,-173,-1.77,G,78.5,12,42.5,,,,,1,1,0,3,3,8,-16.5,-2.5,20
2026-05-15T06:44:00,NQ1!,615,Other,L,54.5,0.5,0,0.041,-157.06,B,D,-516.5,-182.75,-0.42,G,83,4,20.5,0,0,0,2,,,,,,,,,10
2026-05-15T06:49:00,NQ1!,615,Other,L,54.5,0.5,0,0.041,-157.06,B,D,-516.5,-182.75,-0.42,G,83,73.25,20.5,,,,,11,11,11,2,2,2,-9.5,72.75,20
2026-05-15T06:50:00,NQ1!,630,Other,S,61.5,1.25,0,0.764,-128.41,B,D,-490,-156.25,2.82,R,54.5,7.5,47.75,1,0,0,1,,,,,,,,,10
2026-05-15T07:50:00,NQ1!,730,Other,L,51.25,1.25,0,0.039,-142.15,B,D,-513,-179.25,-0.4,R,39,27.75,0.25,1,2,4,0,,,,,,,,,10
2026-05-15T07:55:00,NQ1!,730,Other,L,51.25,1.25,0,0.039,-142.15,B,D,-513,-179.25,-0.4,R,39,46.25,0.25,,,,,1,2,4,0,0,0,17.75,10.25,20
2026-05-15T08:37:00,NQ1!,815,Other,L,71,16.75,3,0.028,-220.85,B,D,-607.75,-274,-0.14,R,86.75,11,29,1,1,0,5,,,,,,,,,10
2026-05-15T08:42:00,NQ1!,815,Other,L,71,16.75,3,0.028,-220.85,B,D,-607.75,-274,-0.14,R,86.75,16.25,31.5,,,,,1,1,18,5,6,6,-26.5,1.25,20
2026-05-15T09:04:00,NQ1!,830,Other,S,56.5,4.25,2,0.889,-189.73,B,D,-589,-255.25,-0.54,G,71,39.75,3.5,2,2,2,0,,,,,,,,,10
2026-05-15T09:09:00,NQ1!,830,Other,S,56.5,4.25,2,0.889,-189.73,B,D,-589,-255.25,-0.54,G,71,39.75,3.5,,,,,2,2,2,0,0,0,27,23.5,20
2026-05-15T09:35:00,NQ1!,915,Other,S,121,2.75,0,0.733,-109.23,B,D,-526,-192.25,3.96,R,38,67.25,14.25,1,1,0,1,,,,,,,,,10
2026-05-15T09:40:00,NQ1!,915,Other,S,121,2.75,0,0.733,-109.23,B,D,-526,-192.25,3.96,R,38,105,14.25,,,,,1,1,2,1,1,1,13.25,53.25,20
2026-05-15T09:50:00,NQ1!,930,NY,L,140,8.5,0,0.027,-184.78,B,D,-627.25,-293.5,3.32,G,121,84,65,1,1,0,1,,,,,,,,,10
2026-05-15T09:55:00,NQ1!,930,NY,L,140,8.5,0,0.027,-184.78,B,D,-627.25,-293.5,3.32,G,121,119,65,,,,,1,1,6,1,1,1,53,114.5,20
2026-05-15T10:20:00,NQ1!,1000,NY,S,172.75,9.75,0,0.832,-32.71,B,D,-506.25,-172.5,3.09,R,198.25,0,87.5,0,0,0,1,,,,,,,,,10
2026-05-15T10:25:00,NQ1!,1000,NY,S,172.75,9.75,0,0.832,-32.71,B,D,-506.25,-172.5,3.09,R,198.25,0,107,,,,,0,0,0,1,1,1,-70.25,-52,20
2026-05-15T10:52:00,NQ1!,1030,NY,L,74.5,2.25,0,0.312,-2.13,B,D,-472.75,-139,1.45,R,113,7.5,61.75,1,0,0,1,,,,,,,,,10
2026-05-15T10:57:00,NQ1!,1030,NY,L,74.5,2.25,0,0.312,-2.13,B,D,-472.75,-139,1.45,R,113,20,61.75,,,,,1,16,16,1,1,2,-53.5,9.25,20
2026-05-15T11:12:30,NQ1!,1045,NY,L,106.5,7,0,0.014,-60.51,B,D,-533,-199.25,1.26,G,74.5,76.5,3.5,1,1,1,0,,,,,,,,,10
2026-05-15T11:17:30,NQ1!,1045,NY,L,106.5,7,0,0.014,-60.51,B,D,-533,-199.25,1.26,G,74.5,76.5,3.5,,,,,1,1,1,0,0,0,40.25,65.5,20
2026-05-15T11:38:30,NQ1!,1115,NY,S,86.25,11,4,0.786,32.41,B,D,-439.5,-105.75,0.12,G,85,6.5,39.5,1,0,0,1,,,,,,,,,10
2026-05-15T11:43:30,NQ1!,1115,NY,S,86.25,11,4,0.786,32.41,B,D,-439.5,-105.75,0.12,G,85,46.5,39.5,,,,,1,12,12,1,1,1,-22,33,20
2026-05-15T11:50:00,NQ1!,1130,NY,L,110.75,2,0,0.135,-24.54,B,D,-495.75,-162,0.71,G,86.25,15,48.25,1,0,0,4,,,,,,,,,10
2026-05-15T11:55:00,NQ1!,1130,NY,L,110.75,2,0,0.135,-24.54,B,D,-495.75,-162,0.71,G,86.25,15,74.25,,,,,1,6,7,4,4,5,-44.75,-64.5,20
2026-05-15T12:07:00,NQ1!,1145,NY,S,89.25,2.25,0,0.941,-12.73,B,D,-486,-152.25,-1.26,R,110.75,34.75,17,0,0,0,1,,,,,,,,,10
2026-05-15T12:12:00,NQ1!,1145,NY,S,89.25,2.25,0,0.941,-12.73,B,D,-486,-152.25,-1.26,R,110.75,44.5,17,,,,,2,2,2,1,1,2,24,39.5,20
2026-05-15T12:29:00,NQ1!,1200,NY,S,61.5,1.5,0,0.967,3.21,B,D,-471,-137.25,-0.19,R,89.25,0.25,25.5,0,0,0,1,,,,,,,,,10
2026-05-15T12:34:00,NQ1!,1200,NY,S,61.5,1.5,0,0.967,3.21,B,D,-471,-137.25,-0.19,R,89.25,0.25,36.25,,,,,0,0,0,1,1,1,-12,-34,20
2026-05-15T12:35:00,NQ1!,1215,NY,S,83.25,3.5,0,0.961,25.3,B,D,-448.75,-115,1.07,G,61.5,12.5,14.75,1,1,0,2,,,,,,,,,10
2026-05-15T12:50:00,NQ1!,1230,NY,S,31.75,1.5,0,0.764,32.11,B,D,-441.5,-107.75,1.76,G,83.25,10.75,10.5,0,0,0,1,,,,,,,,,10
2026-05-15T12:55:00,NQ1!,1230,NY,S,31.75,1.5,0,0.764,32.11,B,D,-441.5,-107.75,1.76,G,83.25,60.75,10.5,,,,,2,3,14,1,2,0,-5.25,40,20
2026-05-15T13:11:30,NQ1!,1245,NY,S,71.25,4.25,0,0.996,41.88,B,D,-431.25,-97.5,2.77,G,31.75,10.5,9.75,1,2,0,8,,,,,,,,,10
2026-05-15T13:16:30,NQ1!,1245,NY,S,71.25,4.25,0,0.996,41.88,B,D,-431.25,-97.5,2.77,G,31.75,10.5,12.75,,,,,1,2,0,8,12,16,-6.25,7.25,20
2026-05-15T13:20:00,NQ1!,1300,NY,S,51,0.5,0,0.75,41.03,B,D,-431.75,-98,0.67,R,71.25,9,18.25,1,0,0,7,,,,,,,,,10
2026-05-15T13:27:00,NQ1!,1300,NY,S,51,0.5,4,0.667,36.7,B,D,-436,-102.25,-0.32,R,71.25,2.5,84,,,,,0,0,0,2,2,3,-25.75,-71.75,20
2026-05-15T13:36:30,NQ1!,1315,NY,S,88.75,2,0,0.963,115.54,B,D,-355.25,-21.5,-0.24,G,51,4.25,20,0,0,0,4,,,,,,,,,10
2026-05-15T13:41:30,NQ1!,1315,NY,S,88.75,2,0,0.963,115.54,B,D,-355.25,-21.5,-0.24,G,51,18.25,20,,,,,19,20,20,4,4,5,-16.25,15.25,20
2026-05-15T14:02:00,NQ1!,1330,NY,S,42,1.25,0,0.673,118.62,B,D,-349,-15.25,1.26,G,88.75,7.5,32,1,0,0,3,,,,,,,,,10
2026-05-15T14:07:00,NQ1!,1330,NY,S,42,1.25,0,0.673,118.62,B,D,-349,-15.25,1.26,G,88.75,7.5,41,,,,,1,0,0,3,3,4,-21.75,-39.25,20
2026-05-15T14:22:00,NQ1!,1400,NY,L,40,0.75,0,0.119,133.27,B,D,-330.5,3.25,-0.33,G,41.75,0.75,63.75,0,0,0,2,,,,,,,,,10
2026-05-15T14:27:00,NQ1!,1400,NY,L,40,0.75,0,0.119,133.27,B,D,-330.5,3.25,-0.33,G,41.75,0.75,68,,,,,0,0,0,2,2,2,-30,-66.25,20
2026-05-15T15:09:30,NQ1!,1445,NY,L,54.25,1.75,0,0.041,32.71,B,U,-427,-93.25,1.19,R,73.5,8.5,31,1,0,0,4,,,,,,,,,10
2026-05-15T15:14:30,NQ1!,1445,NY,L,54.25,1.75,0,0.041,32.71,B,U,-427,-93.25,1.19,R,73.5,8.5,55,,,,,1,0,0,4,4,5,-22.75,-33,20
2026-05-15T15:22:30,NQ1!,1500,NY,L,98.25,4,0,0.02,-20.35,B,D,-480,-146.25,0.61,G,54.25,19.75,16.75,0,0,0,1,,,,,,,,,10
2026-05-15T15:27:30,NQ1!,1500,NY,L,98.25,4,0,0.02,-20.35,B,D,-480,-146.25,0.61,G,54.25,19.75,16.75,,,,,2,3,3,1,1,1,12.25,-6.5,20
2026-05-15T15:36:00,NQ1!,1515,NY,S,38.75,1.5,0,0.89,-3.77,B,D,-463.75,-130,1.28,R,98.25,21.75,9,1,2,5,10,,,,,,,,,10
2026-05-15T15:41:00,NQ1!,1515,NY,S,38.75,1.5,0,0.89,-3.77,B,D,-463.75,-130,1.28,R,98.25,21.75,22,,,,,1,2,5,10,11,16,-7,-18.25,20
2026-05-15T15:52:30,NQ1!,1530,NY,L,52.75,17,3,0.142,-26.77,B,D,-487,-153.25,0.56,R,38.75,9.75,36.75,3,0,0,4,,,,,,,,,10
2026-05-15T15:57:30,NQ1!,1530,NY,L,52.75,17,3,0.142,-26.77,B,D,-487,-153.25,0.56,R,38.75,9.75,86.75,,,,,3,0,0,4,5,5,-36.25,-52.25,20
2026-05-17T18:02:00,NQ1!,1630,Other,L,14,1.75,0,0.196,-143.56,B,D,-613.25,-279.5,-0.8,G,50.75,53.25,58.75,0,0,0,2,,,,,,,,,10
2026-05-17T18:07:00,NQ1!,1630,Other,L,14,1.75,0,0.196,-143.56,B,D,-613.25,-279.5,-0.8,G,50.75,114,58.75,,,,,3,3,3,2,6,6,25.25,112,20
2026-05-17T18:07:30,NQ1!,1645,Other,L,38.25,50.5,5,1.176,14.03,B,D,-528.5,115.75,-0.02,R,14,78.25,1.5,1,3,3,0,,,,,,,,,10
2026-05-17T18:47:30,NQ1!,1815,Globex,S,73.25,8,4,0.973,28.34,B,D,-472.25,172,-0.83,G,173.75,8.5,12.75,0,0,0,2,,,,,,,,,10
2026-05-17T18:52:30,NQ1!,1815,Globex,S,73.25,8,4,0.973,28.34,B,D,-472.25,172,-0.83,G,173.75,31.5,12.75,,,,,7,11,15,2,2,2,1,20.75,20
2026-05-17T19:25:00,NQ1!,1900,Globex,L,85.75,4,0,0.07,-55.6,B,D,-565.25,79,1.84,R,68,18,21.75,1,2,2,5,,,,,,,,,10
2026-05-17T19:30:00,NQ1!,1900,Globex,L,85.75,4,0,0.07,-55.6,B,D,-565.25,79,1.84,R,68,18,50.25,,,,,1,2,2,5,5,6,-17.75,-39,20
2026-05-17T19:35:00,NQ1!,1915,Other,L,68.25,8.5,0,0.04,-85.65,B,D,-604.25,40,1.78,R,85.75,35.25,6.75,4,4,4,0,,,,,,,,,10
2026-05-17T19:41:30,NQ1!,1915,Other,L,68.25,8.5,3,0.04,-84.73,B,D,-604.25,40,-1.71,R,85.75,35.25,118,,,,,1,1,1,13,15,15,17.25,-83,20
2026-05-17T20:45:30,NQ1!,2015,Asia,L,80.25,5.5,0,0.106,-146.44,B,D,-762.75,-118.5,1.06,R,207.5,11,25.75,1,2,0,5,,,,,,,,,10
2026-05-17T20:50:30,NQ1!,2015,Asia,L,80.25,5.5,0,0.106,-146.44,B,D,-762.75,-118.5,1.06,R,207.5,44,25.75,,,,,1,2,14,5,5,5,-0.75,39.5,20
2026-05-17T20:51:00,NQ1!,2030,Asia,L,81.75,3,2,0.303,-139.65,B,D,-760.75,-116.5,1.17,R,80.25,45.25,17.75,0,0,0,1,,,,,,,,,10
2026-05-17T21:06:00,NQ1!,2045,Asia,S,93.5,12,2,0.858,-80.38,B,D,-708.25,-64,0.6,R,81.75,45,14,0,0,0,2,,,,,,,,,10
2026-05-17T21:06:30,NQ1!,2030,Asia,L,81.75,3,0,0.982,-78.93,B,D,-705.25,-61,2.06,R,80.25,22.25,48,,,,,6,6,7,1,1,2,0,-26.25,20
2026-05-17T21:21:00,NQ1!,2100,Asia,L,86,14.5,2,0.198,-117.45,B,D,-752,-107.75,0.2,G,93.5,2.75,43.25,0,0,0,1,,,,,,,,,10
2026-05-17T21:26:00,NQ1!,2100,Asia,L,86,14.5,2,0.198,-117.45,B,D,-752,-107.75,0.2,G,93.5,7.75,43.25,,,,,13,0,0,1,1,1,-31,-17.75,20
2026-05-17T21:44:30,NQ1!,2115,Asia,L,51,12.75,4,0.412,-127.7,B,D,-774.25,-130,1.41,R,86,32.75,9.75,0,0,0,1,,,,,,,,,10
2026-05-17T21:49:30,NQ1!,2115,Asia,L,51,12.75,4,0.412,-127.7,B,D,-774.25,-130,1.41,R,86,59,9.75,,,,,3,3,6,1,0,0,27.5,48.25,20
2026-05-17T21:50:00,NQ1!,2130,Asia,S,66.5,0.75,0,0.97,-94.9,B,D,-743.5,-99.25,-0.94,R,51,13,28.25,1,1,0,4,,,,,,,,,10
2026-05-17T22:44:00,NQ1!,2215,Asia,L,54.25,1.25,0,0.023,-38.61,B,D,-693.5,-49.25,0.16,G,56,14,3.5,1,4,0,0,,,,,,,,,10
2026-05-17T22:49:00,NQ1!,2215,Asia,L,54.25,1.25,0,0.023,-38.61,B,D,-693.5,-49.25,0.16,G,56,14,10.25,,,,,1,4,0,19,20,0,5.75,-8.5,20
2026-05-17T22:50:00,NQ1!,2230,Asia,L,55.75,0.5,0,0.045,-39.36,B,D,-694.5,-50.25,-0.71,G,54.25,12.75,23.25,4,4,0,8,,,,,,,,,10
2026-05-17T23:06:30,NQ1!,2245,Asia,S,55.75,1.75,0,0.924,-29.03,B,D,-686,-41.75,1.41,R,55.75,16.5,4.75,2,5,5,0,,,,,,,,,10
2026-05-17T23:11:30,NQ1!,2245,Asia,S,55.75,1.75,0,0.924,-29.03,B,D,-686,-41.75,1.41,R,55.75,16.5,14,,,,,2,5,5,13,13,13,3.75,8.25,20
2026-05-17T23:37:00,NQ1!,2315,Other,L,35.25,5,0,0.035,-65.13,B,D,-724,-79.75,3.14,G,53.75,44.25,4.75,3,3,3,0,,,,,,,,,10
2026-05-17T23:42:00,NQ1!,2315,Other,L,35.25,5,0,0.035,-65.13,B,D,-724,-79.75,3.14,G,53.75,51.75,4.75,,,,,3,3,3,0,0,0,40.75,45,20
2026-05-18T00:08:30,NQ1!,2345,Other,S,27.5,1.5,2,0.973,-6.55,B,D,-666.25,-22,-0.21,G,67.5,4.75,15.75,0,0,0,5,,,,,,,,,10
2026-05-18T00:13:30,NQ1!,2345,Other,S,27.5,1.5,2,0.973,-6.55,B,D,-666.25,-22,-0.21,G,67.5,4.75,41.25,,,,,0,0,0,5,5,5,-12,-37.25,20
2026-05-18T00:21:00,NQ1!,0,Other,S,56,6.5,0,0.996,35.17,B,D,-624.25,20,1.63,R,27.5,30.5,0,1,1,2,0,,,,,,,,,10
2026-05-18T00:26:00,NQ1!,0,Other,S,56,6.5,0,0.996,35.17,B,D,-624.25,20,1.63,R,27.5,76.5,0,,,,,1,1,2,0,0,0,28,68.75,20
2026-05-18T00:35:30,NQ1!,15,Other,L,94.5,2,0,0.019,-50.55,B,D,-710.25,-66,0.66,G,56,18.25,1.5,1,1,2,0,,,,,,,,,10
2026-05-18T00:40:30,NQ1!,15,Other,L,94.5,2,0,0.019,-50.55,B,D,-710.25,-66,0.66,G,56,22.75,1.5,,,,,1,1,2,0,0,0,9.75,15,20
2026-05-18T00:53:00,NQ1!,30,Other,S,59,7.25,4,0.843,-4.01,B,D,-664.25,-20,-0.6,R,94.5,24,1,1,4,5,0,,,,,,,,,10
2026-05-18T00:58:00,NQ1!,30,Other,S,59,7.25,4,0.843,-4.01,B,D,-664.25,-20,-0.6,R,94.5,37.75,1,,,,,1,4,5,0,0,0,20.25,22.75,20
2026-05-18T01:13:30,NQ1!,45,Other,S,54.25,2.5,0,0.959,10.54,B,D,-650,-5.75,1.28,G,59,16.5,13.25,0,0,0,1,,,,,,,,,10
2026-05-18T01:18:30,NQ1!,45,Other,S,54.25,2.5,0,0.959,10.54,B,D,-650,-5.75,1.28,G,59,61,13.25,,,,,6,10,10,1,1,2,15.75,47.25,20
2026-05-18T01:35:00,NQ1!,115,Other,S,46,6,0,0.995,-5.98,B,D,-667,-22.75,1.88,G,57.25,23.5,5.75,2,2,2,0,,,,,,,,,10
2026-05-18T01:40:00,NQ1!,115,Other,S,46,6,0,0.995,-5.98,B,D,-667,-22.75,1.88,G,57.25,23.5,20.5,,,,,2,2,2,12,12,12,14.75,-15.5,20
2026-05-18T02:04:00,NQ1!,130,Other,L,44,3.5,0,0.011,-28.71,B,D,-690,-45.75,3.75,G,46,5.75,26.5,0,0,0,2,,,,,,,,,10
2026-05-18T02:09:00,NQ1!,130,Other,L,44,3.5,0,0.011,-28.71,B,D,-690,-45.75,3.75,G,46,11.5,28.25,,,,,19,20,0,2,6,8,-19.75,5.25,20
2026-05-18T02:21:00,NQ1!,200,Other,S,39.75,1.25,0,0.969,-17.58,B,D,-679.75,-35.5,0.88,R,41.5,41.75,3.25,2,2,2,0,,,,,,,,,10
2026-05-18T02:26:00,NQ1!,200,Other,S,39.75,1.25,0,0.969,-17.58,B,D,-679.75,-35.5,0.88,R,41.5,44,3.25,,,,,2,2,2,0,0,0,39.75,32.75,20
2026-05-18T02:35:00,NQ1!,215,Other,L,56.75,0.75,0,0.11,-63.71,B,D,-727,-82.75,0.72,R,39.75,18.25,16.5,0,0,0,1,,,,,,,,,10
2026-05-18T02:40:00,NQ1!,215,Other,L,56.75,0.75,0,0.11,-63.71,B,D,-727,-82.75,0.72,R,39.75,33.25,16.5,,,,,4,5,7,1,1,1,10,27,20
2026-05-18T03:22:00,NQ1!,300,London,L,61.5,7.5,3,0.11,17.6,B,D,-645.25,-1,-0.51,G,47.75,2.75,28.75,0,0,0,3,,,,,,,,,10
2026-05-18T03:27:00,NQ1!,300,London,L,61.5,7.5,3,0.11,17.6,B,D,-645.25,-1,-0.51,G,47.75,45.25,28.75,,,,,16,17,17,3,6,6,-17.75,38.25,20
2026-05-18T03:36:30,NQ1!,315,London,S,94.25,9.75,3,0.934,75.6,B,D,-586,58.25,0.68,R,61.5,31,27.75,0,0,0,1,,,,,,,,,10
2026-05-18T03:41:30,NQ1!,315,London,S,94.25,9.75,3,0.934,75.6,B,D,-586,58.25,0.68,R,61.5,76,27.75,,,,,5,7,7,1,1,1,29.75,66.5,20
2026-05-18T04:35:00,NQ1!,415,London,S,75,1.25,0,0.85,133.36,B,D,-520,124.25,-0.31,G,68.5,9.5,27.5,1,0,0,5,,,,,,,,,10
2026-05-18T04:40:00,NQ1!,415,London,S,75,1.25,0,0.85,133.36,B,D,-520,124.25,-0.31,G,68.5,19.25,27.5,,,,,1,12,12,5,5,6,-1.75,7.25,20
2026-05-18T04:58:30,NQ1!,430,London,S,54,1,0,0.981,155.53,B,D,-493.5,150.75,0.21,G,75,18.5,1.5,1,2,3,0,,,,,,,,,10
2026-05-18T05:03:30,NQ1!,430,London,S,54,1,0,0.981,155.53,B,D,-493.5,150.75,0.21,G,75,19.25,8.75,,,,,1,2,3,13,0,0,2.25,15.25,20
2026-05-18T05:06:00,NQ1!,445,London,S,50.5,6.75,2,0.995,155.96,B,D,-491.75,152.5,-0.4,R,54,32,2,2,3,3,0,,,,,,,,,10
2026-05-18T05:55:00,NQ1!,530,Other,S,18.25,4.5,4,0.699,112.79,B,U,-530.75,113.5,2.27,G,36.5,34.25,0.75,1,1,3,0,,,,,,,,,10
2026-05-18T06:00:00,NQ1!,530,Other,S,18.25,4.5,4,0.699,112.79,B,U,-530.75,113.5,2.27,G,36.5,34.25,0.75,,,,,1,1,3,0,0,0,23.5,12.5,20
2026-05-18T06:55:30,NQ1!,630,Other,S,61.5,2.75,2,0.85,38.78,B,U,-601.5,42.75,-0.69,R,24.25,9.75,6.25,6,0,0,0,,,,,,,,,10
2026-05-18T07:00:30,NQ1!,630,Other,S,61.5,2.75,2,0.85,38.78,B,U,-601.5,42.75,-0.69,R,24.25,24.25,6.25,,,,,6,11,18,0,0,0,6,20.25,20
2026-05-18T07:05:30,NQ1!,645,Other,L,33.75,2.5,0,0.044,18.37,B,D,-621.75,22.5,2.35,R,61.5,5.75,17.25,0,0,0,3,,,,,,,,,10
2026-05-18T07:11:00,NQ1!,645,Other,L,33.75,2.5,1,0.104,20.36,B,D,-619.75,24.5,0.7,R,61.5,3.75,62.25,,,,,0,0,0,2,2,5,-20.5,-27,20
2026-05-18T07:25:30,NQ1!,700,Other,S,75.75,2.25,0,0.99,33.19,B,D,-607,37.25,2.33,G,33.75,21.25,2.25,2,4,6,0,,,,,,,,,10
2026-05-18T07:30:30,NQ1!,700,Other,S,75.75,2.25,0,0.99,33.19,B,D,-607,37.25,2.33,G,33.75,41.25,2.25,,,,,2,4,6,0,0,0,16.5,32.75,20
2026-05-18T07:38:30,NQ1!,715,Other,S,44.25,1.75,0,0.836,28.74,B,D,-611.25,33,4.23,R,75.75,5,34.25,0,0,0,1,,,,,,,,,10
2026-05-18T07:43:30,NQ1!,715,Other,S,44.25,1.75,0,0.836,28.74,B,D,-611.25,33,4.23,R,75.75,5,151.5,,,,,0,0,0,1,1,1,-17,-109.5,20
2026-05-18T08:39:00,NQ1!,815,Other,S,35.75,4,0,0.839,109.52,B,U,-517.75,126.5,4.06,G,66.5,0.5,71.75,0,0,0,1,,,,,,,,,10
2026-05-18T08:44:00,NQ1!,815,Other,S,35.75,4,0,0.839,109.52,B,U,-517.75,126.5,4.06,G,66.5,0.5,108,,,,,0,0,0,1,1,1,-71.75,-102.5,20
2026-05-18T09:21:00,NQ1!,900,Other,L,66,0.5,0,0.057,212.27,B,U,-377.25,267,1.03,G,106.75,17,0.75,1,3,3,0,,,,,,,,,10
2026-05-18T09:26:00,NQ1!,900,Other,L,66,0.5,0,0.057,212.27,B,U,-377.25,267,1.03,G,106.75,18.5,9,,,,,1,3,3,20,0,0,5.5,-4.75,20
2026-05-18T09:51:00,NQ1!,930,NY,L,196.25,20,2,0.082,5.35,B,U,-558,86.25,0.23,R,47.5,69.25,41,1,0,0,1,,,,,,,,,10
2026-05-18T09:56:00,NQ1!,930,NY,L,196.25,20,2,0.082,5.35,B,U,-558,86.25,0.23,R,47.5,128.5,41,,,,,1,3,4,1,1,1,64.5,126.5,20
2026-05-18T10:11:00,NQ1!,945,NY,L,173.75,6,0,0.219,-3.22,B,U,-561,83.25,1.42,R,196.25,98.5,0,1,1,1,0,,,,,,,,,10
2026-05-18T10:16:00,NQ1!,945,NY,L,173.75,6,0,0.219,-3.22,B,U,-561,83.25,1.42,R,196.25,126,0,,,,,1,1,1,0,0,0,97.5,106.25,20
2026-05-18T10:20:00,NQ1!,1000,NY,S,143,5,0,0.993,91.88,B,U,-463,181.25,0.15,G,173.75,66,28,0,0,0,1,,,,,,,,,10
2026-05-18T10:27:30,NQ1!,1000,NY,S,143,27,5,0.668,44.32,B,U,-509.5,134.75,0.86,G,173.75,55.25,41.25,,,,,1,1,1,1,1,1,1,41.5,20
2026-05-18T11:06:30,NQ1!,1045,NY,S,106.5,17.25,2,0.709,-86.04,B,U,-656,-11.75,0.28,R,205,42,14.5,1,1,1,3,,,,,,,,,10
2026-05-18T11:11:30,NQ1!,1045,NY,S,106.5,17.25,2,0.709,-86.04,B,U,-656,-11.75,0.28,R,205,72,14.5,,,,,1,1,1,3,3,3,9,13,20
2026-05-18T11:27:00,NQ1!,1100,NY,L,120.25,25.5,6,0.033,-147.17,B,U,-724,-79.75,-0.6,R,106.5,36,21,1,0,0,2,,,,,,,,,10
2026-05-18T11:32:00,NQ1!,1100,NY,L,120.25,25.5,6,0.033,-147.17,B,U,-724,-79.75,-0.6,R,106.5,36,68.5,,,,,1,8,8,2,2,2,14.25,-32.5,20
2026-05-18T11:36:30,NQ1!,1115,NY,L,113.5,14.75,3,0.11,-183.98,B,D,-765.25,-121,0.01,R,120.25,70.5,5.5,1,1,2,0,,,,,,,,,10
2026-05-18T11:42:30,NQ1!,1115,NY,L,113.5,14.75,5,0.304,-161.48,B,D,-743.25,-99,0.26,R,120.25,74.5,17,,,,,2,4,4,1,1,1,65.25,67.25,20
2026-05-18T12:07:30,NQ1!,1145,NY,L,68,26.75,4,0.022,-164.58,B,D,-754,-109.75,-0.84,G,123.75,23,20.75,1,0,0,2,,,,,,,,,10
2026-05-18T12:12:30,NQ1!,1145,NY,L,68,26.75,4,0.022,-164.58,B,D,-754,-109.75,-0.84,G,123.75,50,20.75,,,,,1,7,7,2,2,2,10.25,29.5,20
2026-05-18T12:20:00,NQ1!,1200,NY,S,78.25,3.5,0,0.984,-112.97,B,D,-705.25,-61,0.95,R,68,12,20.5,0,0,0,2,,,,,,,,,10
2026-05-18T12:25:00,NQ1!,1200,NY,S,78.25,3.5,0,0.984,-112.97,B,D,-705.25,-61,0.95,R,68,54,45.25,,,,,3,5,16,2,2,2,-18.75,40,20
2026-05-18T12:37:00,NQ1!,1215,NY,L,214.75,16.75,4,0.158,-238.45,B,D,-840.75,-196.5,-0.83,G,78.25,62.75,1,1,1,1,0,,,,,,,,,10
2026-05-18T12:42:00,NQ1!,1215,NY,L,214.75,16.75,4,0.158,-238.45,B,D,-840.75,-196.5,-0.83,G,78.25,68.25,1,,,,,1,1,1,0,0,0,52.75,43,20
2026-05-18T13:28:00,NQ1!,1300,NY,L,71.25,0.5,0,0.039,-150.12,B,D,-764.5,-120.25,0.65,G,137.75,27,3.25,1,3,7,0,,,,,,,,,10
2026-05-18T13:33:00,NQ1!,1300,NY,L,71.25,0.5,0,0.039,-150.12,B,D,-764.5,-120.25,0.65,G,137.75,45.75,3.25,,,,,1,3,7,0,0,0,19,18.75,20
2026-05-18T13:43:30,NQ1!,1315,NY,L,51,6.5,0,0.137,-144.14,B,D,-760.75,-116.5,1.46,R,71.25,52.75,4.75,2,4,4,0,,,,,,,,,10
2026-05-18T13:48:30,NQ1!,1315,NY,L,51,6.5,0,0.137,-144.14,B,D,-760.75,-116.5,1.46,R,71.25,56.5,4.75,,,,,2,4,4,0,0,0,52.5,18.75,20
2026-05-18T15:37:00,NQ1!,1515,NY,S,91.75,0.5,0,0.951,-116.98,B,D,-765.25,-121,1.41,G,232.5,20.5,24.75,1,1,2,7,,,,,,,,,10
2026-05-18T15:42:00,NQ1!,1515,NY,S,91.75,0.5,0,0.951,-116.98,B,D,-765.25,-121,1.41,G,232.5,20.5,79.5,,,,,1,1,2,7,7,7,-20.75,-73.75,20
2026-05-18T15:52:00,NQ1!,1530,NY,S,142,18,4,0.965,-34.04,B,D,-683.75,-39.5,0.15,R,91.75,2.25,43.75,0,0,0,1,,,,,,,,,10
2026-05-18T15:57:00,NQ1!,1530,NY,S,142,18,4,0.965,-34.04,B,D,-683.75,-39.5,0.15,R,91.75,2.25,63.75,,,,,0,0,0,1,2,2,-43.75,-22.75,20
2026-05-18T16:35:30,NQ1!,1615,Other,S,18.75,3.25,0,0.813,3.31,B,D,-646.25,-2,2.47,R,41.5,15.75,1.5,2,2,2,0,,,,,,,,,10
2026-05-18T16:40:30,NQ1!,1615,Other,S,18.75,3.25,0,0.813,3.31,B,D,-646.25,-2,2.47,R,41.5,15.75,1.5,,,,,2,2,2,0,0,0,10,11.5,20
2026-05-18T18:25:30,NQ1!,1800,Globex,S,68.75,2.75,0,0.84,20.32,B,D,-271.75,333.25,3.39,R,16.75,3,16.25,0,0,0,2,,,,,,,,,10
2026-05-18T18:30:30,NQ1!,1800,Globex,S,68.75,2.75,0,0.84,20.32,B,D,-271.75,333.25,3.39,R,16.75,7,16.25,,,,,15,0,0,2,3,4,-9.5,-8.75,20
2026-05-18T18:39:30,NQ1!,1815,Globex,S,47.75,9.25,4,0.869,20.54,B,D,-261.75,343.25,0.6,G,68.75,0,14,0,0,0,1,,,,,,,,,10
2026-05-18T18:44:30,NQ1!,1815,Globex,S,47.75,9.25,4,0.869,20.54,B,D,-261.75,343.25,0.6,G,68.75,10,15.25,,,,,18,18,0,1,2,2,-12.5,3.75,20
2026-05-18T19:22:00,NQ1!,1900,Globex,L,35,1.75,0,0.071,3.99,B,D,-267.25,337.75,0.08,G,26.25,7.25,8.5,0,0,0,4,,,,,,,,,10
2026-05-18T19:27:00,NQ1!,1900,Globex,L,35,1.75,0,0.071,3.99,B,D,-267.25,337.75,0.08,G,26.25,17,8.5,,,,,10,13,18,4,0,0,6.25,14.75,20
2026-05-18T21:48:30,NQ1!,2115,Asia,S,82.5,3,0,0.964,-46.61,B,U,-350.75,254.25,1.56,R,54.25,24.25,10.5,0,0,0,1,,,,,,,,,10
2026-05-18T21:53:30,NQ1!,2115,Asia,S,82.5,3,0,0.964,-46.61,B,U,-350.75,254.25,1.56,R,54.25,26.5,10.5,,,,,3,3,8,1,1,0,20.5,22.25,20
2026-05-18T22:47:30,NQ1!,2215,Asia,S,57,0.5,0,0.965,-98.22,B,D,-429.75,175.25,2.22,R,82.75,5.25,24.5,0,0,0,4,,,,,,,,,10
2026-05-18T22:52:30,NQ1!,2215,Asia,S,57,0.5,0,0.965,-98.22,B,D,-429.75,175.25,2.22,R,82.75,24,24.5,,,,,14,20,20,4,6,6,-14,18.25,20
2026-05-18T22:53:30,NQ1!,2230,Asia,S,35,15.5,6,0.8,-94.69,B,D,-427.75,177.25,-0.03,G,57,26,6.5,2,7,8,0,,,,,,,,,10
2026-05-18T23:24:00,NQ1!,2300,Asia,S,57.75,2,0,0.974,-78.43,B,D,-418.75,186.25,0.06,R,50,19.75,0,3,3,3,0,,,,,,,,,10
2026-05-18T23:29:00,NQ1!,2300,Asia,S,57.75,2,0,0.974,-78.43,B,D,-418.75,186.25,0.06,R,50,19.75,12.75,,,,,3,3,3,16,16,16,6,-8.5,20
2026-05-19T00:25:30,NQ1!,0,Other,L,59,9.25,3,0.233,-122.58,B,D,-474,131,0.49,R,35,1.25,29.5,0,0,0,2,,,,,,,,,10
2026-05-19T00:30:30,NQ1!,0,Other,L,59,9.25,3,0.233,-122.58,B,D,-474,131,0.49,R,35,1.25,40.75,,,,,0,0,0,2,2,3,-18.25,-7.75,20
2026-05-19T00:42:30,NQ1!,15,Other,S,52.25,16.75,4,0.809,-115.43,B,D,-472.5,132.5,-0.14,R,59,8,25.75,2,0,0,5,,,,,,,,,10
2026-05-19T00:47:30,NQ1!,15,Other,S,52.25,16.75,4,0.809,-115.43,B,D,-472.5,132.5,-0.14,R,59,8,25.75,,,,,2,0,0,5,5,5,-10.5,-5.25,20
2026-05-19T01:05:00,NQ1!,45,Other,S,45.75,9.75,0,0.896,-90.33,B,D,-452.25,152.75,3.6,G,50.25,28,6,4,6,6,0,,,,,,,,,10
2026-05-19T01:10:00,NQ1!,45,Other,S,45.75,9.75,0,0.896,-90.33,B,D,-452.25,152.75,3.6,G,50.25,38.5,6,,,,,4,6,6,0,0,0,20.5,9.25,20
2026-05-19T01:47:00,NQ1!,115,Other,S,81,4,3,0.892,-89.91,B,D,-462.5,142.5,-0.91,R,53,30.25,5.25,3,3,4,0,,,,,,,,,10
2026-05-19T01:52:00,NQ1!,115,Other,S,81,4,3,0.892,-89.91,B,D,-462.5,142.5,-0.91,R,53,30.25,5.25,,,,,3,3,4,0,0,0,29.5,25.25,20
2026-05-19T02:18:00,NQ1!,145,Other,L,31.75,15.5,0,1.213,-81.28,B,D,-460.75,144.25,2.57,R,49.25,15.5,13,3,3,4,7,,,,,,,,,10
2026-05-19T02:23:00,NQ1!,145,Other,L,31.75,15.5,0,1.213,-81.28,B,D,-460.75,144.25,2.57,R,49.25,27,13,,,,,3,3,4,7,9,9,-4.25,25.75,20
2026-05-19T02:46:00,NQ1!,215,Other,S,50,9,5,0.945,-43.83,B,D,-426.5,178.5,0.68,G,65.25,0,26,0,0,0,2,,,,,,,,,10
2026-05-19T02:51:00,NQ1!,215,Other,S,50,9,5,0.945,-43.83,B,D,-426.5,178.5,0.68,G,65.25,6.25,26,,,,,11,0,0,2,3,3,-9.5,-13.5,20
2026-05-19T03:04:00,NQ1!,230,Other,S,53.5,2.5,0,0.986,-17.77,B,D,-401.25,203.75,1.59,G,50,12.75,3,3,9,0,0,,,,,,,,,10
2026-05-19T03:09:00,NQ1!,230,Other,S,53.5,2.5,0,0.986,-17.77,B,D,-401.25,203.75,1.59,G,50,12.75,61.5,,,,,3,9,0,13,13,13,7.75,-54.5,20
2026-05-19T03:41:30,NQ1!,315,London,L,30,1.75,0,0.042,7.81,B,D,-374.75,230.25,1.08,G,78.5,35,0,1,4,4,0,,,,,,,,,10
2026-05-19T03:46:30,NQ1!,315,London,L,30,1.75,0,0.042,7.81,B,D,-374.75,230.25,1.08,G,78.5,66,0,,,,,1,4,4,0,0,0,34.75,64.25,20
2026-05-19T03:50:30,NQ1!,330,London,S,58.5,2,0,0.974,60.96,B,D,-320.75,284.25,1.37,G,30,1,26.25,0,0,0,2,,,,,,,,,10
2026-05-19T06:43:00,NQ1!,615,Other,S,29.25,17.75,0,-0.085,-134.8,B,D,-538.25,66.75,4.29,R,47,25.75,7.75,1,1,1,0,,,,,,,,,10
2026-05-19T06:48:00,NQ1!,615,Other,S,29.25,17.75,0,-0.085,-134.8,B,D,-538.25,66.75,4.29,R,47,41.5,14,,,,,1,1,1,20,20,20,17.5,-13.25,20
2026-05-19T07:22:30,NQ1!,700,Other,L,42.25,10.25,5,0.254,-86.96,B,D,-500.5,104.5,-0.4,G,89.5,11.5,15.25,2,3,0,5,,,,,,,,,10
2026-05-19T07:27:30,NQ1!,700,Other,L,42.25,10.25,5,0.254,-86.96,B,D,-500.5,104.5,-0.4,G,89.5,11.5,23.25,,,,,2,3,0,5,5,5,-11.25,-19.25,20
2026-05-19T07:36:00,NQ1!,715,Other,S,36.25,1,0,0.924,-76.72,B,D,-491.75,113.25,-0.19,R,42.25,7.5,14,0,0,0,2,,,,,,,,,10
2026-05-19T07:41:00,NQ1!,715,Other,S,36.25,1,0,0.924,-76.72,B,D,-491.75,113.25,-0.19,R,42.25,33.25,14,,,,,9,11,12,2,2,2,2.75,24.5,20
2026-05-19T07:50:30,NQ1!,730,Other,L,51.5,1,0,0.01,-112.21,B,D,-528.75,76.25,0.04,R,36.25,4.75,17.5,0,0,0,2,,,,,,,,,10
2026-05-19T07:55:30,NQ1!,730,Other,L,51.5,1,0,0.01,-112.21,B,D,-528.75,76.25,0.04,R,36.25,6.25,28,,,,,15,0,0,2,3,9,-14.5,-20.75,20
2026-05-19T08:07:30,NQ1!,745,Other,L,44,22.75,5,0.165,-138.32,B,D,-558.75,46.25,0.52,R,51.5,17,8,1,1,2,9,,,,,,,,,10
2026-05-19T08:12:30,NQ1!,745,Other,L,44,22.75,5,0.165,-138.32,B,D,-558.75,46.25,0.52,R,51.5,28.25,8,,,,,1,1,2,9,0,0,2.5,19.25,20
2026-05-19T09:06:30,NQ1!,845,Other,L,29.25,6.5,2,0.274,-72,B,D,-503.25,101.75,0.25,G,80,9.25,46.5,2,0,0,5,,,,,,,,,10
2026-05-19T09:11:30,NQ1!,845,Other,L,29.25,6.5,2,0.274,-72,B,D,-503.25,101.75,0.25,G,80,9.25,81.5,,,,,2,0,0,5,5,6,-33,-74.25,20
2026-05-19T09:28:00,NQ1!,900,Other,L,90.75,30.25,5,0.099,-133.87,B,D,-575.75,29.25,0.1,R,29.25,7.5,41.25,1,0,0,3,,,,,,,,,10
2026-05-19T09:33:00,NQ1!,900,Other,L,90.75,30.25,5,0.099,-133.87,B,D,-575.75,29.25,0.1,R,29.25,155,41.25,,,,,1,13,14,3,3,3,-16,128.25,20
2026-05-19T10:09:00,NQ1!,945,NY,L,159.25,2.5,0,0.083,-83.25,B,D,-537.75,67.25,-0.42,G,217.75,44.75,113.5,1,1,1,3,,,,,,,,,10
2026-05-19T10:14:00,NQ1!,945,NY,L,159.25,2.5,0,0.083,-83.25,B,D,-537.75,67.25,-0.42,G,217.75,44.75,142,,,,,1,1,1,3,3,3,-100.75,-126.25,20
2026-05-19T10:20:00,NQ1!,1000,NY,L,213.75,14,0,0.058,-203.66,B,D,-677,-72,1.54,G,159.25,4.25,51.5,0,0,0,1,,,,,,,,,10
2026-05-19T10:25:00,NQ1!,1000,NY,L,213.75,14,0,0.058,-203.66,B,D,-677,-72,1.54,G,159.25,4.25,79.75,,,,,0,0,0,1,1,1,-44.5,-33.5,20
2026-05-19T10:37:30,NQ1!,1015,NY,S,92,10,2,0.834,-177.08,B,D,-680,-75,-1.03,R,213.75,41.25,12.25,1,1,1,10,,,,,,,,,10
2026-05-19T10:42:30,NQ1!,1015,NY,S,92,10,2,0.834,-177.08,B,D,-680,-75,-1.03,R,213.75,41.25,61.25,,,,,1,1,1,10,10,10,-9,-44.75,20
2026-05-19T10:52:00,NQ1!,1030,NY,L,117,1.5,0,0.045,-216.34,B,D,-730.5,-125.5,1.28,R,92,50.75,14.25,1,1,0,2,,,,,,,,,10
2026-05-19T10:57:00,NQ1!,1030,NY,L,117,1.5,0,0.045,-216.34,B,D,-730.5,-125.5,1.28,R,92,101.5,14.25,,,,,1,1,3,2,2,2,34.75,98.75,20
2026-05-19T11:05:00,NQ1!,1045,NY,S,132,2,0,0.939,-99.74,B,D,-620.75,-15.75,1.62,G,117,18.25,36,0,0,0,1,,,,,,,,,10
2026-05-19T11:10:00,NQ1!,1045,NY,S,132,2,0,0.939,-99.74,B,D,-620.75,-15.75,1.62,G,117,44,36,,,,,3,3,3,1,2,2,-13.75,-10,20
2026-05-19T11:29:30,NQ1!,1100,NY,S,81,24,0,-0.114,-146.41,B,D,-674,-69,0.92,G,132,19.75,49.75,1,1,1,2,,,,,,,,,10
2026-05-19T11:34:30,NQ1!,1100,NY,S,81,24,0,-0.114,-146.41,B,D,-674,-69,0.92,G,132,19.75,92.5,,,,,1,1,1,2,2,2,-25,-47.75,20
2026-05-19T11:48:30,NQ1!,1115,NY,S,134,17.75,3,0.858,-46.91,B,D,-578.75,26.25,-0.12,G,81,19,22.5,0,0,0,1,,,,,,,,,10
2026-05-19T11:53:30,NQ1!,1115,NY,S,134,17.75,3,0.858,-46.91,B,D,-578.75,26.25,-0.12,G,81,19,22.5,,,,,6,6,6,1,1,1,-7,14.25,20
2026-05-19T12:07:00,NQ1!,1145,NY,S,83.75,3.25,0,0.973,-24.65,B,D,-558.5,46.5,0.68,G,120,42.25,19.25,0,0,0,1,,,,,,,,,10
2026-05-19T12:12:00,NQ1!,1145,NY,S,83.75,3.25,0,0.973,-24.65,B,D,-558.5,46.5,0.68,G,120,69.75,19.25,,,,,7,7,8,1,2,2,29,58.25,20
2026-05-19T12:51:30,NQ1!,1230,NY,S,88,5.75,3,0.824,88.03,B,D,-445,160,1.65,G,108.5,7.5,29,1,0,0,2,,,,,,,,,10
2026-05-19T12:56:30,NQ1!,1230,NY,S,88,5.75,3,0.824,88.03,B,D,-445,160,1.65,G,108.5,7.5,54.5,,,,,1,0,0,2,2,6,-25.75,-47,20
2026-05-19T14:11:30,NQ1!,1345,NY,S,85,4.25,2,0.868,172.31,A,U,-339,266,-0.46,G,40.5,3,21,0,0,0,1,,,,,,,,,10
2026-05-19T14:16:30,NQ1!,1345,NY,S,85,4.25,2,0.868,172.31,A,U,-339,266,-0.46,G,40.5,28.5,21,,,,,16,17,18,1,1,2,-12.25,22.5,20
2026-05-19T14:45:00,NQ1!,1415,NY,L,75,2,0,0.103,100.44,B,U,-405.25,199.75,0.46,G,38,12.5,14,1,0,0,2,,,,,,,,,10
2026-05-19T14:50:00,NQ1!,1415,NY,L,75,2,0,0.103,100.44,B,U,-405.25,199.75,0.46,G,38,12.5,22.25,,,,,1,3,0,2,5,6,-11,-0.75,20
2026-05-19T14:51:00,NQ1!,1430,NY,L,61,3.5,0,0.066,89.87,B,U,-415.25,189.75,0.43,R,75,17.5,12.25,1,2,0,4,,,,,,,,,10
2026-05-19T15:20:00,NQ1!,1500,NY,S,97.25,4.75,0,0.946,131.99,B,U,-370,235,1.17,R,80.25,50.75,3,1,2,4,0,,,,,,,,,10
2026-05-19T15:25:00,NQ1!,1500,NY,S,97.25,4.75,0,0.946,131.99,B,U,-370,235,1.17,R,80.25,118,3,,,,,1,2,4,0,0,0,46,115.25,20
2026-05-19T16:38:00,NQ1!,1615,Other,L,27.75,0.5,0,0.126,-13.77,B,U,-514.25,90.75,-0.77,R,44.5,4.75,6.5,0,0,0,0,,,,,,,,,10
2026-05-19T16:43:00,NQ1!,1615,Other,L,27.75,0.5,0,0.126,-13.77,B,U,-514.25,90.75,-0.77,R,44.5,4.75,9.5,,,,,0,0,0,20,0,0,-3.5,-5.75,20
2026-05-19T16:52:30,NQ1!,1630,Other,L,15,4.25,3,0.1,-21.74,B,U,-522.25,82.75,1.74,R,27.75,3,7.25,0,0,0,0,,,,,,,,,10
2026-05-19T16:57:30,NQ1!,1630,Other,L,15,4.25,3,0.1,-21.74,B,U,-522.25,82.75,1.74,R,27.75,5,10,,,,,0,0,0,18,20,0,-0.5,-8.5,20
2026-05-19T19:11:00,NQ1!,1845,Globex,S,42.75,2.25,2,0.836,2.27,B,D,-282,243.5,-0.3,G,45.25,2.5,41.25,,,,,0,0,0,4,4,4,-7.25,-39.75,20
2026-05-19T19:26:30,NQ1!,1900,Globex,S,46.5,0.5,0,0.995,41.53,B,D,-238.25,287.25,-0.05,G,42.75,2,23.75,,,,,0,0,0,1,1,3,-13.25,-17.25,20
2026-05-19T19:59:30,NQ1!,1930,Other,L,54.5,2,0,0.055,42.48,B,D,-215.75,309.75,1.83,G,34.25,4,27.75,,,,,0,0,0,2,2,2,-7.5,-22.75,20
2026-05-19T20:25:00,NQ1!,2000,Asia,L,134.75,7.75,0,0.002,-102.61,B,D,-372.5,153,0.92,R,50.75,36.75,18.75,,,,,1,1,5,4,4,4,13.75,35.75,20
2026-05-19T20:57:30,NQ1!,2030,Asia,S,57.5,7.25,0,0.896,34.39,B,D,-245.75,279.75,3.34,G,96.75,16,28.75,,,,,1,1,1,13,13,13,12.5,2.75,20
2026-05-19T21:11:00,NQ1!,2045,Asia,L,49,1,0,0.128,17.93,B,D,-259.75,265.75,0.23,G,57.5,50.75,28.75,,,,,5,6,6,1,2,2,-25.75,31,20
2026-05-19T21:33:00,NQ1!,2100,Asia,S,79.5,5.25,5,0.811,49.58,B,D,-224,301.5,0.93,G,49,85,1,,,,,1,2,3,0,0,0,42.25,47.5,20
2026-05-19T22:26:30,NQ1!,2200,Asia,S,28,7.25,0,0.902,71.13,B,D,-198.25,327.25,3.12,G,99.75,16,27,,,,,1,1,1,14,14,14,7,1.25,20
2026-05-19T22:57:00,NQ1!,2230,Asia,L,73.5,13.75,4,0.109,-28.03,B,D,-296,229.5,-1.07,R,60.25,14.5,26.25,,,,,1,2,0,5,5,5,-8.25,-4.75,20
2026-05-19T23:45:30,NQ1!,2315,Other,S,49.75,0.75,0,0.879,-31.4,B,D,-304.5,221,-0.1,R,45.75,3.5,30,,,,,0,0,0,1,2,3,-21,-5.5,20
2026-05-20T00:27:00,NQ1!,0,Other,S,43.75,7.25,2,0.886,22.19,B,D,-251.25,274.25,-0.48,G,26.5,26.25,1,,,,,1,4,4,0,0,0,14.5,22.25,20
2026-05-20T00:57:30,NQ1!,30,Other,L,47.25,1.5,0,0.005,-31.13,B,D,-304.75,220.75,-0.52,R,38.5,15,13.25,,,,,2,5,5,13,16,16,-0.25,-7.25,20
2026-05-20T03:10:00,NQ1!,245,Other,S,52,7,0,0.736,102.24,A,U,-162.5,363,3.3,R,34,2.5,19,,,,,0,0,0,1,4,4,-7.5,-16.5,20
2026-05-20T03:30:00,NQ1!,300,London,S,28.5,2,0,0.763,118.51,A,U,-143.25,382.25,1.26,G,52,1.25,19.75,,,,,0,0,0,1,3,3,-12.75,-8,20
2026-05-20T04:04:00,NQ1!,330,London,L,37.75,6.5,3,0.139,94.88,A,U,-162.5,363,-0.71,G,34.5,45.25,2,,,,,1,1,3,0,0,0,3.25,43.75,20
2026-05-20T04:28:30,NQ1!,400,London,S,62.75,1,0,0.952,147.04,A,U,-104.75,420.75,1.14,R,35.5,23.75,11.25,,,,,4,4,5,14,15,0,1,8.75,20
2026-05-20T04:41:00,NQ1!,415,London,S,35,15,2,0.95,152.94,A,U,-95.25,430.25,0.05,G,62.75,6.25,30,,,,,1,0,0,3,4,4,-8.5,-21.5,20
2026-05-20T04:55:30,NQ1!,430,London,S,36.25,2.75,0,0.972,178.37,A,U,-66.25,459.25,1.44,G,35,13.5,14.5,,,,,9,18,0,1,1,1,3.75,11.25,20
2026-05-20T05:25:00,NQ1!,500,London,L,29.75,2.25,0,0.059,121.98,A,U,-116,409.5,0.26,R,40.5,20,5.75,,,,,5,6,6,0,0,0,14.5,4,20
2026-05-20T05:42:00,NQ1!,515,Other,S,25.75,4,2,0.728,133.5,A,U,-103,422.5,1.09,R,29.75,1.25,15.75,,,,,0,0,0,2,2,2,-2.5,-12.5,20
2026-05-20T05:58:00,NQ1!,530,Other,S,19.5,3.5,2,0.872,147.99,A,U,-87.25,438.25,-0.07,G,25.75,0.75,48.5,,,,,0,0,0,3,3,6,-46.5,-20.25,20
2026-05-20T06:12:30,NQ1!,545,Other,S,53.25,6,0,0.986,190.56,A,U,-39.5,486,1.4,G,19.5,17.75,5,,,,,2,2,16,0,0,0,-2,16.25,20
2026-05-20T06:28:30,NQ1!,600,Other,L,32.75,2,0,0.023,162.74,A,U,-64.75,460.75,1.7,G,53.25,16,5.75,,,,,3,5,6,0,0,0,8.25,0.75,20
2026-05-20T06:59:30,NQ1!,630,Other,L,35.5,0.5,0,0.007,155.59,A,U,-66,459.5,0.31,R,23.75,6.25,19,,,,,4,0,0,11,12,12,-3.5,-13.5,20
2026-05-20T07:10:00,NQ1!,645,Other,L,37,1.25,0,0.277,145.21,A,U,-74.75,450.75,0.85,G,35.5,15.25,17.25,,,,,2,2,3,6,6,6,-4,1.5,20
2026-05-20T07:42:00,NQ1!,715,Other,S,27,5.25,4,0.759,143.03,A,U,-72.75,452.75,-0.31,R,37.75,37,7.75,,,,,11,12,15,0,0,0,1,20.5,20
2026-05-20T07:58:30,NQ1!,730,Other,L,49.25,0.75,0,0.051,105.48,A,U,-107.75,417.75,0.12,G,27,15.75,17.25,,,,,9,14,15,1,1,1,-2.25,6.75,20
2026-05-20T08:26:00,NQ1!,800,Other,S,50.5,4.75,2,0.896,139.27,A,U,-70,455.5,-0.02,R,36.25,8.75,42.75,,,,,9,0,0,15,15,17,2.25,-30.75,20
2026-05-20T08:46:00,NQ1!,815,Other,S,51.5,8,4,0.806,164.04,A,U,-37.25,488.25,-0.47,G,50.5,28.5,5.25,,,,,4,4,5,0,0,0,18.25,13.25,20
2026-05-20T09:07:00,NQ1!,830,Other,L,46.5,1.25,0,0.038,130.56,A,U,-64,461.5,-0.12,G,51.5,1,26.75,,,,,0,0,0,3,3,3,-19,-8.75,20
2026-05-20T09:26:00,NQ1!,900,Other,L,21.25,2.75,0,0.071,99.84,A,U,-90.5,435,2.11,R,44.5,19,10.25,,,,,9,10,15,4,4,0,7.75,-4.5,20
2026-05-20T09:40:00,NQ1!,915,Other,S,60.5,4.5,0,0.599,87.17,A,U,-95.75,429.75,4,R,21.25,69.5,61.75,,,,,11,11,11,1,1,1,-14.75,18.75,20
2026-05-20T09:55:00,NQ1!,930,NY,S,131.25,5.75,0,0.975,123.25,A,U,-37.25,488.25,1.14,R,60.5,86.25,43.5,,,,,1,1,1,2,2,2,-10.5,61.5,20
2026-05-20T10:24:30,NQ1!,945,NY,L,147.5,38.75,6,0.278,41.98,A,U,-100.25,425.25,2.84,G,131.25,145.5,13.75,,,,,1,1,1,1,1,1,78.75,55.25,20
2026-05-20T10:40:00,NQ1!,1015,NY,S,159.25,10.25,0,0.973,165.2,A,U,41,566.5,3.41,R,121.5,56.5,33.5,,,,,1,7,7,1,1,1,40.75,36,20
2026-05-20T11:05:30,NQ1!,1030,NY,S,90,3.25,0,0.942,177.18,A,U,69.25,594.75,2.47,G,159.25,27,23.75,,,,,6,15,15,3,4,4,-8.25,4.5,20
2026-05-20T12:14:30,NQ1!,1145,NY,L,53,3.75,2,0.179,190.79,A,U,126.75,652.25,-0.19,G,45.25,13.75,29,,,,,1,2,0,7,8,8,-3.5,-16,20
2026-05-20T12:55:00,NQ1!,1230,NY,S,68,5.25,0,0.919,147.74,A,U,95,620.5,0.91,R,90.5,47,12.75,,,,,1,1,5,3,3,3,23,19,20
2026-05-20T13:23:30,NQ1!,1245,NY,S,71.75,8.5,0,0.725,135.02,A,U,88,613.5,4.16,G,68,15.5,19.25,,,,,6,7,7,1,1,1,-9.75,8,20
2026-05-20T13:39:00,NQ1!,1300,NY,S,75.75,1.25,0,0.875,151.21,A,U,106.75,632.25,3.27,R,71.75,21.5,30.75,,,,,4,7,7,2,2,2,7.75,-11,20
2026-05-20T14:10:00,NQ1!,1345,NY,L,28.5,7,0,0.553,148.76,A,U,109.5,635,3.83,G,52.25,28,7.5,,,,,1,1,1,0,0,0,14.75,13.25,20
2026-05-20T14:46:00,NQ1!,1415,NY,S,38.75,0.75,0,0.935,159.97,A,U,126,651.5,-0.66,G,50.75,21.5,30.5,,,,,17,17,17,3,3,3,-9.75,13,20
2026-05-20T14:56:30,NQ1!,1430,NY,L,49,3,3,0.276,152.47,A,U,121,646.5,-0.74,R,38.75,4,21.25,,,,,0,0,0,2,2,3,-17.25,-5.5,20
2026-05-20T15:13:30,NQ1!,1445,NY,S,28,12.5,6,0.688,148.37,A,U,119,644.5,1.5,R,49,5.25,27,,,,,0,0,0,2,5,5,-10.5,-24,20
2026-05-20T15:41:00,NQ1!,1515,NY,L,20,3,0,0.275,171.15,A,U,146.75,672.25,1.57,G,40.5,41.75,3.25,,,,,2,5,14,0,0,0,9.75,19.25,20
2026-05-20T16:03:00,NQ1!,1530,NY,S,50.25,7,0,0.97,205.83,A,U,187,712.5,2.51,G,20,25,22,,,,,2,2,5,11,12,12,-4.75,16.5,20
2026-05-20T16:29:00,NQ1!,1600,Other,L,56.5,53,6,0.044,164.32,A,U,155,680.5,-0.92,G,60.5,26.5,96.25,,,,,16,19,20,2,2,2,-31,21.25,20
2026-05-20T18:10:00,NQ1!,1645,Other,L,68.25,6,0,0.234,7.25,A,U,-129.25,471,1.16,R,101.75,10.25,155.25,,,,,1,1,0,2,2,2,-63.25,-129.25,20
2026-05-20T18:40:30,NQ1!,1815,Globex,S,58.5,1.5,0,0.987,-6.97,A,U,-221.25,379,1.18,R,165.5,19,10.25,,,,,1,2,13,8,8,0,0,4,20
2026-05-20T18:57:00,NQ1!,1830,Globex,S,32,1.75,0,0.719,-2.03,A,U,-217.25,383,0.38,G,58.5,18.5,5,,,,,6,7,8,0,0,0,8.5,1.25,20
2026-05-20T19:10:00,NQ1!,1845,Globex,S,30.25,0.75,0,0.868,6.19,A,U,-209.5,390.75,-0.55,G,32,0,20,,,,,0,0,0,1,4,5,-12,-15.75,20
2026-05-20T19:26:30,NQ1!,1900,Globex,L,37,4.75,0,0.122,7.35,A,U,-205,395.25,0.33,G,30.25,14.25,19,,,,,1,1,0,13,13,13,4.75,-16,20
2026-05-20T20:14:30,NQ1!,1945,Other,S,30.25,1.75,0,0.694,13.36,A,U,-197.75,402.5,1.94,G,26.25,28.75,13.5,,,,,1,4,4,12,12,15,1,-8.75,20
2026-05-20T20:25:00,NQ1!,2000,Asia,S,42.25,6.75,0,0.976,24.91,A,U,-185.25,415,2.84,G,30.25,36.5,5,,,,,2,2,6,0,0,0,26.25,27.75,20
2026-05-20T20:59:00,NQ1!,2030,Asia,S,37.25,0.5,0,0.987,29.82,A,U,-178.75,421.5,1.32,R,48,3.25,13.75,,,,,0,0,0,8,8,8,-9.5,-4.25,20
2026-05-20T21:46:30,NQ1!,2115,Asia,S,35.25,14.75,3,0.879,85.72,A,U,-106.25,494,0.18,G,59.5,5.75,29.25,,,,,0,0,0,9,9,9,-12.75,-20.5,20
2026-05-20T23:15:30,NQ1!,2245,Asia,S,23.25,4.75,4,0.946,103.99,A,U,-56.5,543.75,-0.35,R,24.75,14,15.5,,,,,3,4,0,9,13,14,-5,4.75,20
2026-05-20T23:50:30,NQ1!,2315,Other,S,30.5,2,0,0.959,121.44,A,U,-32.5,567.75,0.64,G,31.25,4.25,16.5,,,,,0,0,0,5,5,8,-9,-3.75,20
2026-05-21T01:00:30,NQ1!,30,Other,S,28.5,2,0,0.93,146.27,A,U,9.5,609.75,2.16,G,35.25,12,21.75,,,,,8,8,0,12,15,15,-6.25,-11.25,20
2026-05-21T01:16:00,NQ1!,45,Other,S,33.75,1.25,0,0.993,163.01,A,U,31,631.25,1.65,R,28.5,21,11.25,,,,,5,5,5,2,2,0,12.75,17.5,20
2026-05-21T01:26:30,NQ1!,100,Other,L,31.25,1,2,0.12,143.65,A,U,14.75,615,-0.71,G,33.75,15.5,18.75,,,,,2,4,15,19,19,20,3,-12.75,20
2026-05-21T02:15:00,NQ1!,145,Other,S,88.75,2.25,0,0.997,106.05,A,U,-11,589.25,0.48,R,26,31,7,,,,,9,9,10,0,0,0,18,18.5,20
2026-05-21T02:55:00,NQ1!,230,Other,L,59.75,3.5,0,0.008,30.42,A,U,-80,520.25,1.95,G,48.75,4.25,37.5,,,,,0,0,0,2,2,2,-28.25,-23.25,20
2026-05-21T04:10:00,NQ1!,345,London,S,56.75,1.25,0,0.793,36.77,A,U,-76,524.25,3.48,G,36.25,10.25,58.5,,,,,3,3,0,6,6,6,-24.5,-46.75,20
2026-05-21T04:46:30,NQ1!,415,London,L,91,3.25,0,0.003,76.11,A,U,-23.75,576.5,-0.11,G,121.75,19.25,13.75,,,,,1,2,13,5,19,19,4,3.25,20
2026-05-21T04:57:00,NQ1!,430,London,L,51.5,5,2,0.092,70.85,A,U,-27.75,572.5,0.47,R,91,17.5,20.5,,,,,1,2,7,11,11,11,-7.75,7.25,20
2026-05-21T05:13:30,NQ1!,445,London,S,39.75,1.25,0,0.818,81.2,A,U,-15.75,584.5,1.53,R,51.5,9,38,,,,,2,0,0,4,4,5,-14.25,-22.75,20
2026-05-21T05:49:00,NQ1!,515,Other,L,32.75,0.5,0,0.107,95.51,A,U,3,603.25,-0.69,G,52.75,5.25,27.25,,,,,0,0,0,2,9,10,-23,-9,20
2026-05-21T06:27:00,NQ1!,600,Other,S,37.5,0.5,0,0.9,81.25,A,U,-8.75,591.5,0.94,G,22.5,146.25,2.25,,,,,1,3,4,0,0,0,22,106.75,20
2026-05-21T06:40:00,NQ1!,615,Other,L,150.5,7,0,0.003,-64.1,A,U,-154.5,445.75,0.24,G,37.5,53.75,30.75,,,,,1,2,4,1,19,19,42.5,-25.5,20
2026-05-21T07:01:00,NQ1!,630,Other,L,84.5,8.25,2,0.036,-88.3,A,U,-182.25,418,-0.68,R,150.5,43,23,,,,,1,1,6,3,3,3,27.25,-4.5,20
2026-05-21T07:11:30,NQ1!,645,Other,S,65,1,3,0.319,-88.39,A,U,-184.5,415.75,-0.45,R,84.5,9,43.5,,,,,1,0,0,2,2,2,-6,-32.75,20
2026-05-21T07:48:30,NQ1!,715,Other,L,46.75,5,3,0.171,-43.79,A,U,-142.5,457.75,-0.17,G,55,15,16,,,,,3,4,19,6,7,9,-12,10.75,20
2026-05-21T08:19:00,NQ1!,745,Other,L,34.75,3.75,2,0.324,-43.17,A,U,-143.25,457,0.67,R,47.75,1,30,,,,,0,0,0,2,3,3,-17.5,0.75,20
2026-05-21T08:33:30,NQ1!,800,Other,L,43.75,2.5,0,0.131,-66.03,A,D,-167.5,432.75,1,G,34.75,62.75,10.5,,,,,4,10,13,6,7,0,6.75,39.75,20
2026-05-21T09:03:00,NQ1!,830,Other,L,71.75,7.5,2,0.049,-67.22,A,D,-173,427.25,0.18,G,42.5,9,39,,,,,2,0,0,5,5,6,-26.25,6,20
2026-05-21T09:35:30,NQ1!,900,Other,L,56,7.75,3,0.089,-90.57,A,D,-204.5,395.75,-0.72,R,58.5,75.5,19,,,,,1,8,8,4,5,5,9.25,44.25,20
2026-05-21T10:02:00,NQ1!,930,NY,S,94.5,3.5,0,0.937,-2.73,A,D,-135,465.25,3.94,G,41.25,19.25,77.5,,,,,1,1,12,2,2,2,-17.25,-73,20
2026-05-21T10:25:00,NQ1!,1000,NY,L,88.75,3,0,0.068,-12.46,A,D,-140.25,460,1.91,G,127,8.75,130.25,,,,,5,0,0,1,1,1,-84,-94.25,20
2026-05-21T10:59:00,NQ1!,1030,NY,L,80,4,0,0.263,-59.39,A,D,-200.75,399.5,1.94,R,149.75,56.75,30.75,,,,,1,1,7,2,2,2,13.5,48.25,20
2026-05-21T11:17:00,NQ1!,1045,NY,L,87.5,8.5,0,0.014,-85.89,A,D,-230.25,370,1.54,G,80,82,28.25,,,,,1,1,8,2,2,3,10.5,72,20
2026-05-21T11:30:30,NQ1!,1100,NY,S,110.25,4.25,0,0.993,-1.71,A,D,-149,451.25,-0.48,G,87.5,25.75,15,,,,,1,1,2,5,5,5,15.25,24.75,20
2026-05-21T11:51:30,NQ1!,1115,NY,L,44,44,0,0.665,-0.34,A,D,-148.75,451.5,0.38,R,110.25,55.75,5.25,,,,,1,2,3,0,0,0,34.25,39.75,20
2026-05-21T12:20:30,NQ1!,1145,NY,S,47.5,6,2,0.884,48.06,A,D,-98.5,501.75,-0.78,G,99.25,45.75,3,,,,,1,1,1,0,0,0,28.5,37.75,20
2026-05-21T13:55:00,NQ1!,1330,NY,S,89,1.75,0,0.952,223.55,A,U,94.5,694.75,0.86,G,143,22,62,,,,,1,1,1,9,9,9,0,-57,20
2026-05-21T14:15:30,NQ1!,1345,NY,L,84,10.5,2,0.015,192.52,A,U,73.75,674,-0.61,G,89,27.5,31,,,,,1,1,1,11,11,11,0.5,-24,20
2026-05-21T14:57:30,NQ1!,1430,NY,L,34.5,8.5,2,0.145,151.79,A,U,42.5,642.75,0.33,G,50,4.25,146.75,,,,,0,0,0,2,2,2,-83,-122.25,20
2026-05-21T15:50:00,NQ1!,1515,NY,S,34.25,5.25,0,0.993,142.67,A,U,41.5,641.75,2.88,G,77.75,36,10.5,,,,,1,1,1,20,20,0,29.25,3.5,20
2026-05-21T16:00:30,NQ1!,1530,NY,S,41.5,5,1,0.91,142.67,A,U,43.25,643.5,-0.18,G,34.25,41.75,25.25,,,,,1,6,7,13,13,13,22.25,-20,20
2026-05-21T16:13:30,NQ1!,1545,NY,S,67,1.75,0,0.903,156.1,A,U,62,662.25,-0.68,R,41.5,10.5,11.5,,,,,2,3,0,6,7,0,-3.25,5.25,20
2026-05-21T16:57:00,NQ1!,1630,Other,S,15.25,1.25,0,0.885,153.49,A,U,61,661.25,0.72,R,21.5,4.5,5.75,,,,,0,0,0,0,0,0,0,3.5,20
2026-05-21T18:10:00,NQ1!,1645,Other,L,13,7.25,0,0.692,3.75,A,U,-93.75,347.25,4.02,G,15.25,52.75,0.25,,,,,1,1,1,0,0,0,40.5,44.25,20
2026-05-21T18:26:00,NQ1!,1800,Globex,S,71.75,5,0,0.979,21.87,A,U,-39.75,401.25,1.56,R,13,25.25,0,,,,,1,2,3,0,0,0,7.75,23.5,20
2026-05-21T19:11:30,NQ1!,1845,Globex,S,30.5,1.5,2,0.869,31.9,A,U,-14.25,426.75,-0.72,G,29.25,5.25,4.25,,,,,0,0,0,0,0,0,-2.5,-1,20
2026-05-21T19:48:30,NQ1!,1915,Other,L,14,0.5,2,0.143,22.44,A,U,-17,424,-0.65,G,18.5,16.75,2,,,,,5,6,8,0,0,0,9,10.75,20
2026-05-21T20:11:30,NQ1!,1945,Other,L,43.5,6.75,2,0.052,17.2,A,U,-10.5,430.5,-0.31,G,19.25,33.25,8.5,,,,,2,2,2,3,0,0,29.5,20,20
2026-05-21T20:32:30,NQ1!,2000,Asia,S,42.25,22.75,3,0.562,22.52,A,U,4.25,445.25,0.47,G,43.5,11,45.25,,,,,7,7,0,2,10,11,-8.5,-39,20
2026-05-21T20:43:00,NQ1!,2015,Asia,S,52.25,4,1,0.856,52.31,A,U,38,479,1.01,G,42.25,19,10.5,,,,,2,2,18,5,6,0,3,15.5,20
2026-05-21T21:05:00,NQ1!,2030,Asia,L,31.5,4.25,3,0.135,32.09,A,U,22.25,463.25,-0.1,G,52.25,6.5,39.25,,,,,3,0,0,9,9,10,-17.25,-24.25,20
2026-05-21T22:01:00,NQ1!,2130,Asia,S,59.25,3.25,2,0.987,5.77,A,U,-4.5,436.5,-0.59,R,36.75,27.75,0,,,,,2,8,10,0,0,0,18,20.25,20
2026-05-21T22:22:30,NQ1!,2145,Asia,L,31.75,8.75,5,0.15,-16.26,A,U,-27.5,413.5,0.19,R,59.25,15.25,1.25,,,,,2,3,16,0,0,0,8.5,4.5,20
2026-05-21T22:36:30,NQ1!,2200,Asia,L,30,8.75,3,0.025,-28.33,A,U,-40.25,400.75,-0.11,G,31.75,14.75,5.75,,,,,11,12,0,0,0,0,2,12.75,20
2026-05-21T22:54:30,NQ1!,2215,Asia,S,37.5,8.25,2,0.907,-3.06,A,U,-15.75,425.25,-0.54,G,30,6,18.5,,,,,3,0,0,11,11,13,-4.75,-1,20
2026-05-21T23:16:30,NQ1!,2245,Asia,L,24.5,1.25,0,0.286,-2.18,A,U,-14.75,426.25,3.94,G,40.75,7.25,11.5,,,,,19,0,0,3,3,0,-2.75,3.5,20
2026-05-21T23:56:00,NQ1!,2330,Other,S,19,2.25,2,0.908,20.83,A,U,8.5,449.5,-0.1,G,16.5,2.25,10,,,,,0,0,0,16,16,0,-0.25,-4.5,20
2026-05-22T01:05:00,NQ1!,30,Other,S,24.25,9.25,5,0.907,40.95,A,U,32.5,473.5,-0.64,G,16,0,15.75,,,,,0,0,0,5,10,10,-10.75,-10.25,20
2026-05-22T01:44:00,NQ1!,115,Other,L,27,8.25,2,0.056,26.3,A,U,20.75,461.75,-0.31,G,16.75,11.25,11.25,,,,,15,17,0,9,9,0,-8.25,5,20
2026-05-22T01:57:00,NQ1!,130,Other,S,28.75,3,2,0.73,35.16,A,U,30.5,471.5,-0.09,R,27,26,7.5,,,,,1,14,19,0,0,0,-5.25,21.25,20
2026-05-22T02:11:00,NQ1!,145,Other,L,60.5,1.5,0,0.095,-9.3,A,U,-13.5,427.5,1.19,R,28.75,24.5,2.25,,,,,1,2,2,0,0,0,9,6.25,20
2026-05-22T02:27:30,NQ1!,200,Other,S,31.75,9,4,0.945,13.27,A,U,9.25,450.25,-0.68,R,60.5,17,0,,,,,2,6,8,0,0,0,13.5,10,20
2026-05-22T03:27:30,NQ1!,300,London,S,35,1.25,0,0.893,8.91,A,U,6,447,1.33,R,33,4.75,20.5,,,,,0,0,0,5,5,5,-7.5,-16.75,20
2026-05-22T03:44:30,NQ1!,315,London,L,42,2.25,0,0.024,-11.92,A,U,-14.5,426.5,-0.42,R,35,31.5,7.25,,,,,6,6,9,0,0,0,0,24,20
2026-05-22T03:59:30,NQ1!,330,London,S,44.5,1,0,0.972,24.03,A,U,21.5,462.5,-0.74,G,42,13.5,12,,,,,4,7,0,19,20,20,6.25,-8.25,20
2026-05-22T04:44:30,NQ1!,415,London,L,69.75,8,0,0.097,42.75,A,U,48.25,489.25,4.24,G,32.25,15.75,22,,,,,5,7,8,1,1,1,4.75,-4.5,20
2026-05-22T05:08:00,NQ1!,430,London,L,55.25,2.75,0,0.014,19.7,A,U,27,468,0.78,G,69.75,0.75,73,,,,,0,0,0,2,2,2,-36.75,-67.25,20
2026-05-22T05:25:00,NQ1!,500,London,L,60.75,4,0,0.099,-48.74,A,U,-42.75,398.25,1.17,R,55.25,17,6.75,,,,,2,8,13,0,0,0,12.5,-0.75,20
2026-05-22T05:42:00,NQ1!,515,Other,L,42.25,9,2,0.03,-70.47,A,U,-66.75,374.25,0.27,R,60.75,40.75,6.75,,,,,3,3,4,0,0,0,29.25,34,20
2026-05-22T06:10:00,NQ1!,545,Other,L,31.5,2.75,0,0.008,-37.64,A,U,-35.5,405.5,2.83,G,60.5,3,31.5,,,,,0,0,0,4,4,4,-28.75,-20.5,20
2026-05-22T06:41:00,NQ1!,615,Other,L,45,1,0,0.094,-98.84,A,U,-100.75,340.25,-0.03,R,41.75,5,17.25,,,,,0,0,0,1,3,3,1,-11.25,20
2026-05-22T06:58:00,NQ1!,630,Other,S,28.5,1,0,0.921,-87.91,A,U,-91.75,349.25,0.05,R,45,3,16.5,,,,,0,0,0,4,5,10,-12.25,-8.5,20
2026-05-22T07:11:00,NQ1!,645,Other,S,28.25,4,2,0.982,-70.71,A,U,-75.75,365.25,0.97,R,28.5,4.25,17.75,,,,,0,0,0,5,6,6,-13.5,-1,20
2026-05-22T07:25:30,NQ1!,700,Other,L,35,1,0,0.007,-86.44,A,U,-92.75,348.25,-0.68,G,28.25,21.5,8.5,,,,,5,10,11,9,0,0,6.75,19,20
2026-05-22T07:55:30,NQ1!,730,Other,S,38,1.25,0,0.947,-47.56,A,D,-56,385,0.17,G,30,5.5,29.75,,,,,0,0,0,4,4,4,-10,-7.5,20
2026-05-22T08:25:00,NQ1!,800,Other,S,85.75,3.25,0,0.983,35.34,A,U,26,467,0.45,G,35.25,50.25,0.25,,,,,1,1,1,0,0,0,17,27.25,20
2026-05-22T09:10:00,NQ1!,845,Other,S,40.25,3,0,0.478,28.32,A,U,20.75,461.75,2.83,G,21.25,18.5,29,,,,,1,1,1,19,19,19,7.5,-17.25,20
2026-05-22T09:29:00,NQ1!,900,Other,L,47.5,2.25,0,0.358,24.59,A,U,19.25,460.25,2.37,G,40.25,5,24.75,,,,,0,0,0,3,4,4,-17.25,2.25,20
2026-05-22T10:33:00,NQ1!,1000,NY,L,126.5,3,0,0.012,-60.3,A,U,-37,404,0.88,G,80.25,67.25,26.75,,,,,1,5,5,1,1,1,27.5,64.25,20
2026-05-22T10:45:00,NQ1!,1015,NY,S,108.75,5.75,0,0.906,13.2,A,U,34.75,475.75,2.92,R,126.5,3.5,52,,,,,0,0,0,2,2,3,-33.5,-39,20
2026-05-22T10:55:30,NQ1!,1030,NY,S,84.25,3.5,1,0.866,48.68,A,U,72,513,-0.36,R,108.75,18.75,14.5,,,,,3,3,3,6,6,6,5,-10.25,20
2026-05-22T11:11:00,NQ1!,1045,NY,S,47.75,3.25,0,0.979,73.89,A,U,100,541,2.09,G,84.25,5.25,40.75,,,,,0,0,0,1,5,5,-27,-36.5,20
2026-05-22T11:26:00,NQ1!,1100,NY,S,51.5,1.25,0,0.961,109.07,A,U,140,581,1.56,G,47.75,25.25,8.5,,,,,12,13,14,7,0,0,1.75,7.5,20
2026-05-22T11:40:00,NQ1!,1115,NY,S,40,1,0,0.906,115.54,A,U,151,592,3.18,G,51.5,21.5,8.75,,,,,5,6,10,2,0,0,21.5,6,20
2026-05-22T12:26:30,NQ1!,1200,NY,L,29.75,12,2,0.126,70.93,A,U,114.75,555.75,-0.68,R,36,6,28.5,,,,,1,0,0,2,3,4,-8,-10.25,20
2026-05-22T12:45:30,NQ1!,1215,NY,L,41,2.75,0,0.244,50.25,A,U,96.25,537.25,2.22,R,29.75,9,17.75,,,,,3,0,0,7,7,7,-13,0.5,20
2026-05-22T13:30:30,NQ1!,1300,NY,L,32.75,26.75,2,0.176,72.45,A,U,123.5,564.5,0.11,G,34.5,71.5,8.25,,,,,3,10,11,1,0,0,11.25,47.75,20
2026-05-22T13:42:00,NQ1!,1315,NY,S,92.25,11.75,4,0.818,111.15,A,U,166.5,607.5,-0.36,G,32.75,35.75,0.5,,,,,1,1,2,0,0,0,21.5,12.75,20
2026-05-22T14:01:30,NQ1!,1330,NY,L,64.25,10.75,2,0.074,77.21,A,U,135.5,576.5,-0.4,G,92.25,5,28,,,,,0,0,0,1,1,2,-16.25,-14.75,20
2026-05-22T14:14:00,NQ1!,1345,NY,L,47.5,15.5,0,0.111,53.07,A,U,112.75,553.75,4.15,R,64.25,20.75,8,,,,,3,6,10,17,0,0,12.5,-5.5,20
2026-05-22T14:42:30,NQ1!,1415,NY,L,23.25,2.75,4,0.086,37.47,A,U,98.5,539.5,-0.19,R,42.75,21.25,28.5,,,,,1,13,16,4,5,5,-14.5,16.75,20
2026-05-22T15:28:30,NQ1!,1500,NY,L,76.5,11.25,5,0.095,-20.98,A,U,41.25,482.25,-0.5,R,31,6.25,32.75,,,,,1,0,0,3,3,3,-11.75,-26.5,20
2026-05-22T15:40:00,NQ1!,1515,NY,L,60.25,2.5,0,0.108,-65.6,A,U,-4.25,436.75,1.47,R,76.5,38.75,16.75,,,,,2,4,5,1,2,2,21.25,29,20
2026-05-22T15:56:00,NQ1!,1530,NY,L,55.5,1,0,0.009,-80.46,A,U,-20.5,420.5,3.25,R,60.25,39.5,0.25,,,,,1,2,2,0,0,0,18,37.25,20
2026-05-22T16:32:00,NQ1!,1600,Other,L,39.25,0.5,0,0.019,-68.57,A,U,-11.75,429.25,-0.7,R,50.75,9.75,40,,,,,9,0,0,18,18,18,4.5,-5,20
